2026-09-28 15:54:48,994 INFO    MainThread   starting Flow (python 3.12.10, C:\Users\wirih\repos\bin-sparkle\Flow\venv\Scripts\pythonw.exe)
2026-09-28 16:03:51,435 INFO    MainThread   named composer not unique (0 visible); trying focused field
2026-09-28 16:03:51,521 INFO    MainThread   named composer not unique (0 visible); trying focused field
2026-09-28 16:03:51,604 INFO    MainThread   named composer not unique (0 visible); trying focused field
2026-09-28 16:03:51,687 INFO    MainThread   named composer not unique (0 visible); trying focused field
2026-09-28 16:03:51,763 WARNING MainThread   No verifiable text field found for hwnd=13701300
2026-09-28 16:03:51,763 INFO    MainThread   captured text target: window='Next steps after calling DIA about funding — DeepSeek Harness - Neo' field=None verified_field=False
2026-09-28 16:04:37,495 INFO    Thread-4 (_transcribe) transcribe worker started: 45.4s clip, engine=whisper
2026-09-28 16:04:37,551 INFO    Thread-4 (_transcribe) whisper transcribe start: 45.4s of audio
2026-09-28 16:04:39,606 INFO    Thread-4 (_transcribe) whisper transcribe done in 2.1s
2026-09-28 16:04:39,651 INFO    MainThread   named composer not unique (0 visible); trying focused field
2026-09-28 16:04:39,732 INFO    MainThread   named composer not unique (0 visible); trying focused field
2026-09-28 16:04:39,815 INFO    MainThread   named composer not unique (0 visible); trying focused field
2026-09-28 16:04:39,898 INFO    MainThread   named composer not unique (0 visible); trying focused field
2026-09-28 16:04:39,974 WARNING MainThread   No verifiable text field found for hwnd=13701300
2026-09-28 16:04:39,974 INFO    MainThread   delivery-time text target retry: verified_field=False
2026-09-28 16:04:39,975 WARNING MainThread   delivery not attempted: no verified text field; words=35
2026-09-28 16:04:46,697 INFO    MainThread   named composer not unique (0 visible); trying focused field
2026-09-28 16:04:46,780 INFO    MainThread   named composer not unique (0 visible); trying focused field
2026-09-28 16:04:46,862 INFO    MainThread   named composer not unique (0 visible); trying focused field
2026-09-28 16:04:46,946 INFO    MainThread   named composer not unique (0 visible); trying focused field
2026-09-28 16:04:47,022 WARNING MainThread   No verifiable text field found for hwnd=13701300
2026-09-28 16:04:47,022 INFO    MainThread   captured text target: window='Next steps after calling DIA about funding — DeepSeek Harness - Neo' field=None verified_field=False
2026-09-28 16:04:54,391 INFO    Thread-5 (_transcribe) transcribe worker started: 7.1s clip, engine=whisper
2026-09-28 16:04:54,393 INFO    Thread-5 (_transcribe) whisper transcribe start: 7.1s of audio
2026-09-28 16:04:55,526 INFO    Thread-5 (_transcribe) whisper transcribe done in 1.1s
2026-09-28 16:04:55,592 INFO    MainThread   named composer not unique (0 visible); trying focused field
2026-09-28 16:04:55,674 INFO    MainThread   named composer not unique (0 visible); trying focused field
2026-09-28 16:04:55,758 INFO    MainThread   named composer not unique (0 visible); trying focused field
2026-09-28 16:04:55,840 INFO    MainThread   named composer not unique (0 visible); trying focused field
2026-09-28 16:04:55,916 WARNING MainThread   No verifiable text field found for hwnd=13701300
2026-09-28 16:04:55,916 INFO    MainThread   delivery-time text target retry: verified_field=False
2026-09-28 16:04:55,917 WARNING MainThread   delivery not attempted: no verified text field; words=1
2026-09-28 16:05:06,341 WARNING MainThread   No verifiable text field found for hwnd=68034
2026-09-28 16:05:06,341 INFO    MainThread   captured text target: window='Magnifier' field=None verified_field=False
2026-09-28 16:05:09,163 INFO    Thread-6 (_transcribe) transcribe worker started: 2.5s clip, engine=whisper
2026-09-28 16:05:09,165 INFO    Thread-6 (_transcribe) whisper transcribe start: 2.5s of audio
2026-09-28 16:05:10,313 INFO    Thread-6 (_transcribe) whisper transcribe done in 1.1s
2026-09-28 16:05:10,693 WARNING MainThread   No verifiable text field found for hwnd=68034
2026-09-28 16:05:10,693 INFO    MainThread   delivery-time text target retry: verified_field=False
2026-09-28 16:05:10,695 WARNING MainThread   delivery not attempted: no verified text field; words=1
2026-09-28 16:05:30,818 WARNING MainThread   No verifiable text field found for hwnd=460162
2026-09-28 16:05:30,818 INFO    MainThread   captured text target: window='ZCode' field=None verified_field=False
2026-09-28 16:05:36,954 INFO    Thread-7 (_transcribe) transcribe worker started: 5.8s clip, engine=whisper
2026-09-28 16:05:36,957 INFO    Thread-7 (_transcribe) whisper transcribe start: 5.8s of audio
2026-09-28 16:05:38,178 INFO    Thread-7 (_transcribe) whisper transcribe done in 1.2s
2026-09-28 16:05:38,555 WARNING MainThread   No verifiable text field found for hwnd=460162
2026-09-28 16:05:38,555 INFO    MainThread   delivery-time text target retry: verified_field=False
2026-09-28 16:05:38,555 WARNING MainThread   delivery not attempted: no verified text field; words=11
2026-09-28 16:37:07,395 INFO    MainThread   named composer not unique (0 visible); trying focused field
2026-09-28 16:37:07,488 INFO    MainThread   named composer not unique (0 visible); trying focused field
2026-09-28 16:37:07,571 INFO    MainThread   named composer not unique (0 visible); trying focused field
2026-09-28 16:37:07,655 INFO    MainThread   named composer not unique (0 visible); trying focused field
2026-09-28 16:37:07,731 WARNING MainThread   No verifiable text field found for hwnd=13701300
2026-09-28 16:37:07,731 INFO    MainThread   captured text target: window='Next steps after calling DIA about funding — DeepSeek Harness - Neo' field=None verified_field=False
2026-09-28 16:37:16,415 INFO    Thread-8 (_transcribe) transcribe worker started: 8.3s clip, engine=whisper
2026-09-28 16:37:16,429 INFO    Thread-8 (_transcribe) whisper transcribe start: 8.3s of audio
2026-09-28 16:37:17,761 INFO    Thread-8 (_transcribe) whisper transcribe done in 1.3s
2026-09-28 16:37:17,815 INFO    MainThread   named composer not unique (0 visible); trying focused field
2026-09-28 16:37:17,897 INFO    MainThread   named composer not unique (0 visible); trying focused field
2026-09-28 16:37:17,979 INFO    MainThread   named composer not unique (0 visible); trying focused field
2026-09-28 16:37:18,062 INFO    MainThread   named composer not unique (0 visible); trying focused field
2026-09-28 16:37:18,138 WARNING MainThread   No verifiable text field found for hwnd=13701300
2026-09-28 16:37:18,138 INFO    MainThread   delivery-time text target retry: verified_field=False
2026-09-28 16:37:18,138 WARNING MainThread   delivery not attempted: no verified text field; words=8
2026-09-28 16:37:30,524 INFO    MainThread   Flow closed
2026-09-28 16:37:40,840 INFO    MainThread   starting Flow (python 3.12.10, C:\Users\wirih\repos\bin-sparkle\Flow\venv\Scripts\pythonw.exe)
2026-09-28 16:38:09,523 WARNING MainThread   No verifiable text field found for hwnd=13701300
2026-09-28 16:38:09,523 INFO    MainThread   captured text target: window='Magic Page - Neo' field=None verified_field=False
2026-09-28 16:38:13,841 INFO    Thread-4 (_transcribe) transcribe worker started: 4.0s clip, engine=whisper
2026-09-28 16:38:13,851 INFO    Thread-4 (_transcribe) whisper transcribe start: 4.0s of audio
2026-09-28 16:38:15,575 INFO    Thread-4 (_transcribe) whisper transcribe done in 1.7s
2026-09-28 16:38:15,912 WARNING MainThread   No verifiable text field found for hwnd=13701300
2026-09-28 16:38:15,912 INFO    MainThread   delivery-time text target retry: verified_field=False
2026-09-28 16:38:15,912 WARNING MainThread   delivery not attempted: no verified text field; words=4
2026-09-28 16:38:48,841 WARNING MainThread   No verifiable text field found for hwnd=13701300
2026-09-28 16:38:48,841 INFO    MainThread   captured text target: window='Magic Page - Neo' field=None verified_field=False
2026-09-28 16:38:55,727 INFO    Thread-5 (_transcribe) transcribe worker started: 6.6s clip, engine=whisper
2026-09-28 16:38:55,730 INFO    Thread-5 (_transcribe) whisper transcribe start: 6.6s of audio
2026-09-28 16:38:56,884 INFO    Thread-5 (_transcribe) whisper transcribe done in 1.2s
2026-09-28 16:38:57,244 WARNING MainThread   No verifiable text field found for hwnd=13701300
2026-09-28 16:38:57,244 INFO    MainThread   delivery-time text target retry: verified_field=False
2026-09-28 16:38:57,244 WARNING MainThread   delivery not attempted: no verified text field; words=4
2026-09-28 16:40:23,834 INFO    Thread-6 (_transcribe) transcribe worker started: 3.7s clip, engine=whisper
2026-09-28 16:40:23,836 INFO    Thread-6 (_transcribe) whisper transcribe start: 3.7s of audio
2026-09-28 16:40:25,049 INFO    Thread-6 (_transcribe) whisper transcribe done in 1.2s
2026-09-28 23:09:52,824 INFO    MainThread   named composer not unique (0 visible); trying focused field
2026-09-28 23:09:52,921 INFO    MainThread   named composer not unique (0 visible); trying focused field
2026-09-28 23:09:53,004 INFO    MainThread   named composer not unique (0 visible); trying focused field
2026-09-28 23:09:53,087 INFO    MainThread   named composer not unique (0 visible); trying focused field
2026-09-28 23:09:53,164 WARNING MainThread   No verifiable text field found for hwnd=2229732
2026-09-28 23:09:53,164 INFO    MainThread   captured text target: window='Can JEV Find Files and Folders — DeepSeek Harness - Neo' field=None verified_field=False
2026-09-28 23:09:56,536 INFO    Thread-7 (_transcribe) transcribe worker started: 3.0s clip, engine=whisper
2026-09-28 23:09:56,549 INFO    Thread-7 (_transcribe) whisper transcribe start: 3.0s of audio
2026-09-28 23:09:58,181 INFO    Thread-7 (_transcribe) whisper transcribe done in 1.6s
2026-09-28 23:09:58,274 INFO    MainThread   named composer not unique (0 visible); trying focused field
2026-09-28 23:09:58,356 INFO    MainThread   named composer not unique (0 visible); trying focused field
2026-09-28 23:09:58,438 INFO    MainThread   named composer not unique (0 visible); trying focused field
2026-09-28 23:09:58,521 INFO    MainThread   named composer not unique (0 visible); trying focused field
2026-09-28 23:09:58,597 WARNING MainThread   No verifiable text field found for hwnd=2229732
2026-09-28 23:09:58,597 INFO    MainThread   delivery-time text target retry: verified_field=False
2026-09-28 23:09:58,598 WARNING MainThread   delivery not attempted: no verified text field; words=1
2026-09-28 23:12:25,285 INFO    MainThread   starting Flow (python 3.12.10, C:\Users\wirih\repos\bin-sparkle\Flow\venv\Scripts\pythonw.exe)
2026-09-28 23:45:30,603 INFO    MainThread   named composer not unique (0 visible); trying focused field
2026-09-28 23:45:30,693 INFO    MainThread   named composer not unique (0 visible); trying focused field
2026-09-28 23:45:30,775 INFO    MainThread   named composer not unique (0 visible); trying focused field
2026-09-28 23:45:30,857 INFO    MainThread   named composer not unique (0 visible); trying focused field
2026-09-28 23:45:30,933 WARNING MainThread   No verifiable text field found for hwnd=2229732
2026-09-28 23:45:30,933 INFO    MainThread   captured text target: window='Using GEV with ICM Feasibility — DeepSeek Harness - Neo' field=None verified_field=False
2026-09-28 23:45:36,205 INFO    Thread-4 (_transcribe) transcribe worker started: 5.1s clip, engine=whisper
2026-09-28 23:45:36,269 INFO    Thread-4 (_transcribe) whisper transcribe start: 5.1s of audio
2026-09-28 23:45:38,315 INFO    Thread-4 (_transcribe) whisper transcribe done in 2.0s
2026-09-28 23:45:38,350 INFO    MainThread   named composer not unique (0 visible); trying focused field
2026-09-28 23:45:38,432 INFO    MainThread   named composer not unique (0 visible); trying focused field
2026-09-28 23:45:38,514 INFO    MainThread   named composer not unique (0 visible); trying focused field
2026-09-28 23:45:38,598 INFO    MainThread   named composer not unique (0 visible); trying focused field
2026-09-28 23:45:38,674 WARNING MainThread   No verifiable text field found for hwnd=2229732
2026-09-28 23:45:38,674 INFO    MainThread   delivery-time text target retry: verified_field=False
2026-09-28 23:45:38,736 INFO    MainThread   dsh clipboard fallback paste: ok=True method=paste words=6
2026-09-28 23:45:51,844 INFO    MainThread   named composer not unique (0 visible); trying focused field
2026-09-28 23:45:51,927 INFO    MainThread   named composer not unique (0 visible); trying focused field
2026-09-28 23:45:52,008 INFO    MainThread   named composer not unique (0 visible); trying focused field
2026-09-28 23:45:52,092 INFO    MainThread   named composer not unique (0 visible); trying focused field
2026-09-28 23:45:52,168 WARNING MainThread   No verifiable text field found for hwnd=2229732
2026-09-28 23:45:52,168 INFO    MainThread   captured text target: window='Using GEV with ICM Feasibility — DeepSeek Harness - Neo' field=None verified_field=False
2026-09-28 23:45:53,929 INFO    Thread-5 (_transcribe) transcribe worker started: 1.6s clip, engine=whisper
2026-09-28 23:45:53,934 INFO    Thread-5 (_transcribe) whisper transcribe start: 1.6s of audio
2026-09-28 23:45:55,454 INFO    Thread-5 (_transcribe) whisper transcribe done in 1.5s
2026-09-28 23:45:55,527 INFO    MainThread   named composer not unique (0 visible); trying focused field
2026-09-28 23:45:55,610 INFO    MainThread   named composer not unique (0 visible); trying focused field
2026-09-28 23:45:55,694 INFO    MainThread   named composer not unique (0 visible); trying focused field
2026-09-28 23:45:55,777 INFO    MainThread   named composer not unique (0 visible); trying focused field
2026-09-28 23:45:55,855 WARNING MainThread   No verifiable text field found for hwnd=2229732
2026-09-28 23:45:55,855 INFO    MainThread   delivery-time text target retry: verified_field=False
2026-09-28 23:45:55,924 INFO    MainThread   dsh clipboard fallback paste: ok=True method=paste words=1
2026-09-28 23:46:10,781 INFO    MainThread   named composer not unique (0 visible); trying focused field
2026-09-28 23:46:10,864 INFO    MainThread   named composer not unique (0 visible); trying focused field
2026-09-28 23:46:10,946 INFO    MainThread   named composer not unique (0 visible); trying focused field
2026-09-28 23:46:11,029 INFO    MainThread   named composer not unique (0 visible); trying focused field
2026-09-28 23:46:11,106 WARNING MainThread   No verifiable text field found for hwnd=2229732
2026-09-28 23:46:11,106 INFO    MainThread   captured text target: window='Using GEV with ICM Feasibility — DeepSeek Harness - Neo' field=None verified_field=False
2026-09-28 23:46:13,828 INFO    Thread-6 (_transcribe) transcribe worker started: 2.6s clip, engine=whisper
2026-09-28 23:46:13,832 INFO    Thread-6 (_transcribe) whisper transcribe start: 2.6s of audio
2026-09-28 23:46:15,009 INFO    Thread-6 (_transcribe) whisper transcribe done in 1.2s
2026-09-28 23:46:15,022 INFO    MainThread   named composer not unique (0 visible); trying focused field
2026-09-28 23:46:15,105 INFO    MainThread   named composer not unique (0 visible); trying focused field
2026-09-28 23:46:15,187 INFO    MainThread   named composer not unique (0 visible); trying focused field
2026-09-28 23:46:15,271 INFO    MainThread   named composer not unique (0 visible); trying focused field
2026-09-28 23:46:15,346 WARNING MainThread   No verifiable text field found for hwnd=2229732
2026-09-28 23:46:15,346 INFO    MainThread   delivery-time text target retry: verified_field=False
2026-09-28 23:46:15,407 INFO    MainThread   dsh clipboard fallback paste: ok=True method=paste words=4
2026-09-28 23:50:56,157 INFO    MainThread   starting Flow (python 3.12.10, C:\Users\wirih\repos\bin-sparkle\Flow\venv\Scripts\pythonw.exe)
2026-09-28 23:53:32,677 INFO    MainThread   starting Flow (python 3.12.10, C:\Users\wirih\repos\flow\venv\Scripts\pythonw.exe)
2026-09-28 23:55:04,232 INFO    MainThread   named composer not unique (0 visible); trying focused field
2026-09-28 23:55:04,315 INFO    MainThread   named composer not unique (0 visible); trying focused field
2026-09-28 23:55:04,398 INFO    MainThread   named composer not unique (0 visible); trying focused field
2026-09-28 23:55:04,479 INFO    MainThread   named composer not unique (0 visible); trying focused field
2026-09-28 23:55:04,555 WARNING MainThread   No verifiable text field found for hwnd=2229732
2026-09-28 23:55:04,555 INFO    MainThread   captured text target: window='Fix flow issue — DeepSeek Harness - Neo' field=None verified_field=False
2026-09-28 23:55:08,516 INFO    Thread-4 (_transcribe) transcribe worker started: 3.7s clip, engine=whisper
2026-09-28 23:55:08,523 INFO    Thread-4 (_transcribe) whisper transcribe start: 3.7s of audio
2026-09-28 23:55:09,574 INFO    Thread-4 (_transcribe) whisper transcribe done in 1.1s
2026-09-28 23:55:11,119 INFO    MainThread   named composer not unique (0 visible); trying focused field
2026-09-28 23:55:11,201 INFO    MainThread   named composer not unique (0 visible); trying focused field
2026-09-28 23:55:11,283 INFO    MainThread   named composer not unique (0 visible); trying focused field
2026-09-28 23:55:11,366 INFO    MainThread   named composer not unique (0 visible); trying focused field
2026-09-28 23:55:11,443 WARNING MainThread   No verifiable text field found for hwnd=2229732
2026-09-28 23:55:11,443 INFO    MainThread   captured text target: window='Fix flow issue — DeepSeek Harness - Neo' field=None verified_field=False
2026-09-28 23:55:59,021 INFO    Thread-5 (_transcribe) transcribe worker started: 47.3s clip, engine=whisper
2026-09-28 23:55:59,029 INFO    Thread-5 (_transcribe) whisper transcribe start: 47.3s of audio
2026-09-28 23:56:01,202 INFO    Thread-5 (_transcribe) whisper transcribe done in 2.2s
2026-09-28 23:56:01,253 INFO    MainThread   named composer not unique (0 visible); trying focused field
2026-09-28 23:56:01,335 INFO    MainThread   named composer not unique (0 visible); trying focused field
2026-09-28 23:56:01,417 INFO    MainThread   named composer not unique (0 visible); trying focused field
2026-09-28 23:56:01,499 INFO    MainThread   named composer not unique (0 visible); trying focused field
2026-09-28 23:56:01,575 WARNING MainThread   No verifiable text field found for hwnd=2229732
2026-09-28 23:56:01,575 INFO    MainThread   delivery-time text target retry: verified_field=False
2026-09-28 23:56:01,637 INFO    MainThread   dsh clipboard fallback paste: ok=True method=paste words=69
2026-09-28 23:56:01,948 INFO    MainThread   dsh fallback submit: enter=True words=69
2026-09-28 23:58:49,807 INFO    MainThread   starting Flow (python 3.12.10, C:\Users\wirih\repos\flow\venv\Scripts\pythonw.exe)
2026-09-28 23:59:22,587 INFO    MainThread   named composer not unique (0 visible); trying focused field
2026-09-28 23:59:22,670 INFO    MainThread   named composer not unique (0 visible); trying focused field
2026-09-28 23:59:22,752 INFO    MainThread   named composer not unique (0 visible); trying focused field
2026-09-28 23:59:22,834 INFO    MainThread   named composer not unique (0 visible); trying focused field
2026-09-28 23:59:22,910 WARNING MainThread   No verifiable text field found for hwnd=2229732
2026-09-28 23:59:22,910 INFO    MainThread   captured text target: window='Fix flow issue — DeepSeek Harness - Neo' field=None verified_field=False
2026-09-28 23:59:24,990 INFO    Thread-4 (_transcribe) transcribe worker started: 1.9s clip, engine=whisper
2026-09-28 23:59:24,996 INFO    Thread-4 (_transcribe) whisper transcribe start: 1.9s of audio
2026-09-28 23:59:26,370 INFO    Thread-4 (_transcribe) whisper transcribe done in 1.4s
2026-09-28 23:59:26,403 INFO    MainThread   named composer not unique (0 visible); trying focused field
2026-09-28 23:59:26,484 INFO    MainThread   named composer not unique (0 visible); trying focused field
2026-09-28 23:59:26,568 INFO    MainThread   named composer not unique (0 visible); trying focused field
2026-09-28 23:59:26,649 INFO    MainThread   named composer not unique (0 visible); trying focused field
2026-09-28 23:59:26,726 WARNING MainThread   No verifiable text field found for hwnd=2229732
2026-09-28 23:59:26,726 INFO    MainThread   delivery-time text target retry: verified_field=False
2026-09-28 23:59:26,949 INFO    MainThread   dsh clipboard fallback paste: ok=True method=paste words=1
2026-09-28 23:59:27,260 INFO    MainThread   dsh fallback submit: enter=True words=1
2026-09-28 23:59:35,398 INFO    MainThread   named composer not unique (0 visible); trying focused field
2026-09-28 23:59:35,480 INFO    MainThread   named composer not unique (0 visible); trying focused field
2026-09-28 23:59:35,562 INFO    MainThread   named composer not unique (0 visible); trying focused field
2026-09-28 23:59:35,644 INFO    MainThread   named composer not unique (0 visible); trying focused field
2026-09-28 23:59:35,720 WARNING MainThread   No verifiable text field found for hwnd=2229732
2026-09-28 23:59:35,720 INFO    MainThread   captured text target: window='Fix flow issue — DeepSeek Harness - Neo' field=None verified_field=False
2026-09-28 23:59:45,038 INFO    Thread-5 (_transcribe) transcribe worker started: 9.0s clip, engine=whisper
2026-09-28 23:59:45,041 INFO    Thread-5 (_transcribe) whisper transcribe start: 9.0s of audio
2026-09-28 23:59:46,338 INFO    Thread-5 (_transcribe) whisper transcribe done in 1.3s
2026-09-28 23:59:46,421 INFO    MainThread   named composer not unique (0 visible); trying focused field
2026-09-28 23:59:46,502 INFO    MainThread   named composer not unique (0 visible); trying focused field
2026-09-28 23:59:46,584 INFO    MainThread   named composer not unique (0 visible); trying focused field
2026-09-28 23:59:46,666 INFO    MainThread   named composer not unique (0 visible); trying focused field
2026-09-28 23:59:46,742 WARNING MainThread   No verifiable text field found for hwnd=2229732
2026-09-28 23:59:46,742 INFO    MainThread   delivery-time text target retry: verified_field=False
2026-09-28 23:59:46,965 INFO    MainThread   dsh clipboard fallback paste: ok=True method=paste words=4
2026-09-28 23:59:47,276 INFO    MainThread   dsh fallback submit: enter=True words=4
2026-09-29 00:01:00,819 INFO    Thread-6 (_transcribe) transcribe worker started: 2.2s clip, engine=whisper
2026-09-29 00:01:00,823 INFO    Thread-6 (_transcribe) whisper transcribe start: 2.2s of audio
2026-09-29 00:01:02,115 INFO    Thread-6 (_transcribe) whisper transcribe done in 1.3s
2026-09-29 00:01:39,833 INFO    MainThread   Flow closed
2026-09-29 00:03:06,945 INFO    MainThread   starting Flow (python 3.12.10, C:\Users\wirih\repos\flow\venv\Scripts\pythonw.exe)
2026-09-29 00:03:28,184 INFO    MainThread   named composer not unique (0 visible); trying focused field
2026-09-29 00:03:28,267 INFO    MainThread   named composer not unique (0 visible); trying focused field
2026-09-29 00:03:28,350 INFO    MainThread   named composer not unique (0 visible); trying focused field
2026-09-29 00:03:28,433 INFO    MainThread   named composer not unique (0 visible); trying focused field
2026-09-29 00:03:28,509 WARNING MainThread   No verifiable text field found for hwnd=2229732
2026-09-29 00:03:28,509 INFO    MainThread   captured text target: window='Fix flow issue — DeepSeek Harness - Neo' field=None verified_field=False
2026-09-29 00:03:32,171 INFO    Thread-4 (_transcribe) transcribe worker started: 3.5s clip, engine=whisper
2026-09-29 00:03:32,177 INFO    Thread-4 (_transcribe) whisper transcribe start: 3.5s of audio
2026-09-29 00:03:33,675 INFO    Thread-4 (_transcribe) whisper transcribe done in 1.5s
2026-09-29 00:03:33,695 INFO    MainThread   named composer not unique (0 visible); trying focused field
2026-09-29 00:03:33,776 INFO    MainThread   named composer not unique (0 visible); trying focused field
2026-09-29 00:03:33,858 INFO    MainThread   named composer not unique (0 visible); trying focused field
2026-09-29 00:03:33,940 INFO    MainThread   named composer not unique (0 visible); trying focused field
2026-09-29 00:03:34,016 WARNING MainThread   No verifiable text field found for hwnd=2229732
2026-09-29 00:03:34,016 INFO    MainThread   delivery-time text target retry: verified_field=False
2026-09-29 00:03:34,239 INFO    MainThread   dsh clipboard fallback paste: ok=True method=paste words=1
2026-09-29 00:03:34,550 INFO    MainThread   dsh fallback submit: enter=True words=1
2026-09-29 00:07:30,200 INFO    MainThread   named composer not unique (0 visible); trying focused field
2026-09-29 00:07:30,285 INFO    MainThread   named composer not unique (0 visible); trying focused field
2026-09-29 00:07:30,366 INFO    MainThread   named composer not unique (0 visible); trying focused field
2026-09-29 00:07:30,449 INFO    MainThread   named composer not unique (0 visible); trying focused field
2026-09-29 00:07:30,525 WARNING MainThread   No verifiable text field found for hwnd=2229732
2026-09-29 00:07:30,525 INFO    MainThread   captured text target: window='DeepSeek Harness - Neo' field=None verified_field=False
2026-09-29 00:07:38,377 INFO    Thread-5 (_transcribe) transcribe worker started: 7.5s clip, engine=whisper
2026-09-29 00:07:38,380 INFO    Thread-5 (_transcribe) whisper transcribe start: 7.5s of audio
2026-09-29 00:07:39,657 INFO    Thread-5 (_transcribe) whisper transcribe done in 1.3s
2026-09-29 00:07:39,675 INFO    MainThread   named composer not unique (0 visible); trying focused field
2026-09-29 00:07:39,757 INFO    MainThread   named composer not unique (0 visible); trying focused field
2026-09-29 00:07:39,839 INFO    MainThread   named composer not unique (0 visible); trying focused field
2026-09-29 00:07:39,923 INFO    MainThread   named composer not unique (0 visible); trying focused field
2026-09-29 00:07:40,000 WARNING MainThread   No verifiable text field found for hwnd=2229732
2026-09-29 00:07:40,000 INFO    MainThread   delivery-time text target retry: verified_field=False
2026-09-29 00:07:40,222 INFO    MainThread   dsh clipboard fallback paste: ok=True method=paste words=17
2026-09-29 00:07:40,533 INFO    MainThread   dsh fallback submit: enter=True words=17
2026-09-29 00:07:44,296 INFO    MainThread   named composer not unique (0 visible); trying focused field
2026-09-29 00:07:44,378 INFO    MainThread   named composer not unique (0 visible); trying focused field
2026-09-29 00:07:44,460 INFO    MainThread   named composer not unique (0 visible); trying focused field
2026-09-29 00:07:44,543 INFO    MainThread   named composer not unique (0 visible); trying focused field
2026-09-29 00:07:44,619 WARNING MainThread   No verifiable text field found for hwnd=2229732
2026-09-29 00:07:44,619 INFO    MainThread   captured text target: window='DeepSeek Harness - Neo' field=None verified_field=False
2026-09-29 00:07:44,619 INFO    MainThread   conversation turn started by mouse button: loop=False
2026-09-29 00:07:44,921 INFO    MainThread   silero VAD ready for this turn
2026-09-29 00:07:46,181 INFO    MainThread   conversation speech detected by VAD
2026-09-29 00:07:49,264 INFO    Thread-6 (_transcribe) transcribe worker started: 4.5s clip, engine=whisper
2026-09-29 00:07:49,269 INFO    Thread-6 (_transcribe) whisper transcribe start: 4.5s of audio
2026-09-29 00:07:50,639 INFO    Thread-6 (_transcribe) whisper transcribe done in 1.4s
2026-09-29 00:07:50,654 INFO    MainThread   named composer not unique (0 visible); trying focused field
2026-09-29 00:07:50,735 INFO    MainThread   named composer not unique (0 visible); trying focused field
2026-09-29 00:07:50,817 INFO    MainThread   named composer not unique (0 visible); trying focused field
2026-09-29 00:07:50,899 INFO    MainThread   named composer not unique (0 visible); trying focused field
2026-09-29 00:07:50,975 WARNING MainThread   No verifiable text field found for hwnd=2229732
2026-09-29 00:07:50,975 INFO    MainThread   delivery-time text target retry: verified_field=False
2026-09-29 00:07:51,198 INFO    MainThread   dsh clipboard fallback paste: ok=True method=paste words=16
2026-09-29 00:07:51,509 INFO    MainThread   dsh fallback submit: enter=True words=16
2026-09-29 00:09:17,827 INFO    MainThread   starting Flow (python 3.12.10, C:\Users\wirih\repos\flow\venv\Scripts\pythonw.exe)
2026-09-29 00:09:57,323 INFO    MainThread   named composer not unique (0 visible); trying focused field
2026-09-29 00:09:57,406 INFO    MainThread   named composer not unique (0 visible); trying focused field
2026-09-29 00:09:57,489 INFO    MainThread   named composer not unique (0 visible); trying focused field
2026-09-29 00:09:57,572 INFO    MainThread   named composer not unique (0 visible); trying focused field
2026-09-29 00:09:57,648 WARNING MainThread   No verifiable text field found for hwnd=2229732
2026-09-29 00:09:57,648 INFO    MainThread   captured text target: window='Fix flow issue — DeepSeek Harness - Neo' field=None verified_field=False
2026-09-29 00:10:00,443 INFO    Thread-4 (_transcribe) transcribe worker started: 2.5s clip, engine=whisper
2026-09-29 00:10:00,449 INFO    Thread-4 (_transcribe) whisper transcribe start: 2.5s of audio
2026-09-29 00:10:01,950 INFO    Thread-4 (_transcribe) whisper transcribe done in 1.5s
2026-09-29 00:10:02,052 INFO    MainThread   named composer not unique (0 visible); trying focused field
2026-09-29 00:10:02,133 INFO    MainThread   named composer not unique (0 visible); trying focused field
2026-09-29 00:10:02,214 INFO    MainThread   named composer not unique (0 visible); trying focused field
2026-09-29 00:10:02,297 INFO    MainThread   named composer not unique (0 visible); trying focused field
2026-09-29 00:10:02,374 WARNING MainThread   No verifiable text field found for hwnd=2229732
2026-09-29 00:10:02,374 INFO    MainThread   delivery-time text target retry: verified_field=False
2026-09-29 00:10:02,636 INFO    MainThread   dsh clipboard fallback paste: ok=True method=paste words=1
2026-09-29 00:10:02,947 INFO    MainThread   dsh fallback submit: enter=True words=1
2026-09-29 00:21:36,842 INFO    MainThread   starting Flow (python 3.12.10, C:\Users\wirih\repos\flow\venv\Scripts\pythonw.exe)
2026-09-29 00:21:48,248 INFO    MainThread   dsh reply voice stopped by pill (ack=True)
2026-09-29 00:22:17,119 INFO    MainThread   named composer not unique (0 visible); trying focused field
2026-09-29 00:22:17,201 INFO    MainThread   named composer not unique (0 visible); trying focused field
2026-09-29 00:22:17,283 INFO    MainThread   named composer not unique (0 visible); trying focused field
2026-09-29 00:22:17,364 INFO    MainThread   named composer not unique (0 visible); trying focused field
2026-09-29 00:22:17,440 WARNING MainThread   No verifiable text field found for hwnd=131980
2026-09-29 00:22:17,440 INFO    MainThread   captured text target: window='Fix flow issue — DeepSeek Harness - Neo' field=None verified_field=False
2026-09-29 00:22:20,239 INFO    Thread-4 (_transcribe) transcribe worker started: 2.3s clip, engine=whisper
2026-09-29 00:22:20,268 INFO    Thread-4 (_transcribe) whisper transcribe start: 2.3s of audio
2026-09-29 00:22:22,084 INFO    Thread-4 (_transcribe) whisper transcribe done in 1.8s
2026-09-29 00:22:22,101 INFO    MainThread   named composer not unique (0 visible); trying focused field
2026-09-29 00:22:22,182 INFO    MainThread   named composer not unique (0 visible); trying focused field
2026-09-29 00:22:22,264 INFO    MainThread   named composer not unique (0 visible); trying focused field
2026-09-29 00:22:22,345 INFO    MainThread   named composer not unique (0 visible); trying focused field
2026-09-29 00:22:22,421 WARNING MainThread   No verifiable text field found for hwnd=131980
2026-09-29 00:22:22,421 INFO    MainThread   delivery-time text target retry: verified_field=False
2026-09-29 00:22:22,683 INFO    MainThread   dsh clipboard fallback paste: ok=True method=paste words=1
2026-09-29 00:22:22,994 INFO    MainThread   dsh fallback submit: enter=True words=1
2026-09-29 00:22:25,915 INFO    MainThread   named composer not unique (0 visible); trying focused field
2026-09-29 00:22:25,995 INFO    MainThread   named composer not unique (0 visible); trying focused field
2026-09-29 00:22:26,077 INFO    MainThread   named composer not unique (0 visible); trying focused field
2026-09-29 00:22:26,158 INFO    MainThread   named composer not unique (0 visible); trying focused field
2026-09-29 00:22:26,234 WARNING MainThread   No verifiable text field found for hwnd=131980
2026-09-29 00:22:26,234 INFO    MainThread   captured text target: window='Fix flow issue — DeepSeek Harness - Neo' field=None verified_field=False
2026-09-29 00:22:32,068 INFO    Thread-5 (_transcribe) transcribe worker started: 5.4s clip, engine=whisper
2026-09-29 00:22:32,071 INFO    Thread-5 (_transcribe) whisper transcribe start: 5.4s of audio
2026-09-29 00:22:33,199 INFO    Thread-5 (_transcribe) whisper transcribe done in 1.1s
2026-09-29 00:22:33,265 INFO    MainThread   named composer not unique (0 visible); trying focused field
2026-09-29 00:22:33,348 INFO    MainThread   named composer not unique (0 visible); trying focused field
2026-09-29 00:22:33,429 INFO    MainThread   named composer not unique (0 visible); trying focused field
2026-09-29 00:22:33,511 INFO    MainThread   named composer not unique (0 visible); trying focused field
2026-09-29 00:22:33,586 WARNING MainThread   No verifiable text field found for hwnd=131980
2026-09-29 00:22:33,586 INFO    MainThread   delivery-time text target retry: verified_field=False
2026-09-29 00:22:33,848 INFO    MainThread   dsh clipboard fallback paste: ok=True method=paste words=3
2026-09-29 00:22:34,159 INFO    MainThread   dsh fallback submit: enter=True words=3
2026-09-29 00:22:54,748 INFO    MainThread   named composer not unique (0 visible); trying focused field
2026-09-29 00:22:54,828 INFO    MainThread   named composer not unique (0 visible); trying focused field
2026-09-29 00:22:54,911 INFO    MainThread   named composer not unique (0 visible); trying focused field
2026-09-29 00:22:54,992 INFO    MainThread   named composer not unique (0 visible); trying focused field
2026-09-29 00:22:55,068 WARNING MainThread   No verifiable text field found for hwnd=131980
2026-09-29 00:22:55,068 INFO    MainThread   captured text target: window='Fix flow issue — DeepSeek Harness - Neo' field=None verified_field=False
2026-09-29 00:22:57,457 INFO    Thread-6 (_transcribe) transcribe worker started: 1.9s clip, engine=whisper
2026-09-29 00:22:57,459 INFO    Thread-6 (_transcribe) whisper transcribe start: 1.9s of audio
2026-09-29 00:22:58,590 INFO    Thread-6 (_transcribe) whisper transcribe done in 1.1s
2026-09-29 00:22:58,665 INFO    MainThread   named composer not unique (0 visible); trying focused field
2026-09-29 00:22:58,746 INFO    MainThread   named composer not unique (0 visible); trying focused field
2026-09-29 00:22:58,827 INFO    MainThread   named composer not unique (0 visible); trying focused field
2026-09-29 00:22:58,909 INFO    MainThread   named composer not unique (0 visible); trying focused field
2026-09-29 00:22:58,985 WARNING MainThread   No verifiable text field found for hwnd=131980
2026-09-29 00:22:58,985 INFO    MainThread   delivery-time text target retry: verified_field=False
2026-09-29 00:22:59,247 INFO    MainThread   dsh clipboard fallback paste: ok=True method=paste words=1
2026-09-29 00:22:59,558 INFO    MainThread   dsh fallback submit: enter=True words=1
2026-09-29 00:52:29,109 INFO    MainThread   starting Flow (python 3.12.10, C:\Users\wirih\repos\flow\venv\Scripts\pythonw.exe)
2026-09-29 07:49:34,075 INFO    MainThread   starting Flow (python 3.12.10, C:\Users\wirih\repos\flow\venv\Scripts\pythonw.exe)
2026-09-29 07:54:46,449 INFO    MainThread   named composer not unique (0 visible); trying focused field
2026-09-29 07:54:46,535 INFO    MainThread   named composer not unique (0 visible); trying focused field
2026-09-29 07:54:46,620 INFO    MainThread   named composer not unique (0 visible); trying focused field
2026-09-29 07:54:46,706 INFO    MainThread   named composer not unique (0 visible); trying focused field
2026-09-29 07:54:46,783 WARNING MainThread   No verifiable text field found for hwnd=131980
2026-09-29 07:54:46,783 INFO    MainThread   captured text target: window='Fix flow issue — DeepSeek Harness - Neo' field=None verified_field=False
2026-09-29 07:54:50,763 INFO    Thread-4 (_transcribe) transcribe worker started: 3.5s clip, engine=whisper
2026-09-29 07:54:50,794 INFO    Thread-4 (_transcribe) whisper transcribe start: 3.5s of audio
2026-09-29 07:54:53,830 INFO    Thread-4 (_transcribe) whisper transcribe done in 3.0s
2026-09-29 07:54:53,847 INFO    MainThread   named composer not unique (0 visible); trying focused field
2026-09-29 07:54:53,931 INFO    MainThread   named composer not unique (0 visible); trying focused field
2026-09-29 07:54:54,012 INFO    MainThread   named composer not unique (0 visible); trying focused field
2026-09-29 07:54:54,094 INFO    MainThread   named composer not unique (0 visible); trying focused field
2026-09-29 07:54:54,171 WARNING MainThread   No verifiable text field found for hwnd=131980
2026-09-29 07:54:54,171 INFO    MainThread   delivery-time text target retry: verified_field=False
2026-09-29 07:54:54,433 INFO    MainThread   dsh clipboard fallback paste: ok=True method=paste words=4
2026-09-29 07:54:54,744 INFO    MainThread   dsh fallback submit: enter=True words=4
2026-09-29 07:55:02,356 INFO    MainThread   Flow closed
2026-09-29 13:08:51,530 INFO    MainThread   starting Flow (python 3.12.10, C:\Users\wirih\repos\flow\venv\Scripts\pythonw.exe)
2026-09-29 13:15:34,607 INFO    MainThread   named composer not unique (0 visible); trying focused field
2026-09-29 13:15:34,690 INFO    MainThread   named composer not unique (0 visible); trying focused field
2026-09-29 13:15:34,772 INFO    MainThread   named composer not unique (0 visible); trying focused field
2026-09-29 13:15:34,858 INFO    MainThread   named composer not unique (0 visible); trying focused field
2026-09-29 13:15:34,933 WARNING MainThread   No verifiable text field found for hwnd=131980
2026-09-29 13:15:34,933 INFO    MainThread   captured text target: window='Comparing WhisperFlow vs Flow app transcription quality — DeepSeek Harness - Neo' field=None verified_field=False
2026-09-29 13:16:12,104 INFO    MainThread   Flow closed
2026-09-29 13:18:49,967 INFO    MainThread   starting Flow (python 3.12.10, C:\Users\wirih\repos\flow\venv\Scripts\pythonw.exe)
2026-09-29 13:20:24,411 INFO    MainThread   starting Flow (python 3.12.10, C:\Users\wirih\repos\flow\venv\Scripts\pythonw.exe)
2026-09-29 13:20:36,569 INFO    MainThread   named composer not unique (0 visible); trying focused field
2026-09-29 13:20:36,652 INFO    MainThread   named composer not unique (0 visible); trying focused field
2026-09-29 13:20:36,733 INFO    MainThread   named composer not unique (0 visible); trying focused field
2026-09-29 13:20:36,814 INFO    MainThread   named composer not unique (0 visible); trying focused field
2026-09-29 13:20:36,890 WARNING MainThread   No verifiable text field found for hwnd=131980
2026-09-29 13:20:36,890 INFO    MainThread   captured text target: window='List installed apps for removal — DeepSeek Harness - Neo' field=None verified_field=False
2026-09-29 13:23:34,798 INFO    MainThread   Flow closed
2026-09-29 13:24:06,151 INFO    MainThread   starting Flow (python 3.12.10, C:\Users\wirih\repos\flow\venv\Scripts\pythonw.exe)
2026-09-29 13:24:33,437 INFO    MainThread   named composer not unique (0 visible); trying focused field
2026-09-29 13:24:33,520 INFO    MainThread   named composer not unique (0 visible); trying focused field
2026-09-29 13:24:33,603 INFO    MainThread   named composer not unique (0 visible); trying focused field
2026-09-29 13:24:33,685 INFO    MainThread   named composer not unique (0 visible); trying focused field
2026-09-29 13:24:33,762 WARNING MainThread   No verifiable text field found for hwnd=131980
2026-09-29 13:24:33,762 INFO    MainThread   captured text target: window='Comparing WhisperFlow vs Flow app transcription quality — DeepSeek Harness - Neo' field=None verified_field=False
2026-09-29 13:24:38,431 INFO    Thread-4 (_transcribe) transcribe worker started: 4.2s clip, engine=whisper
2026-09-29 13:24:38,460 INFO    Thread-4 (_transcribe) whisper transcribe start: 4.2s of audio
2026-09-29 13:24:40,222 INFO    Thread-4 (_transcribe) whisper transcribe done in 1.8s
2026-09-29 13:24:40,258 INFO    MainThread   named composer not unique (0 visible); trying focused field
2026-09-29 13:24:40,341 INFO    MainThread   named composer not unique (0 visible); trying focused field
2026-09-29 13:24:40,423 INFO    MainThread   named composer not unique (0 visible); trying focused field
2026-09-29 13:24:40,505 INFO    MainThread   named composer not unique (0 visible); trying focused field
2026-09-29 13:24:40,581 WARNING MainThread   No verifiable text field found for hwnd=131980
2026-09-29 13:24:40,581 INFO    MainThread   delivery-time text target retry: verified_field=False
2026-09-29 13:24:40,843 INFO    MainThread   dsh clipboard fallback paste: ok=True method=paste words=3
2026-09-29 13:24:41,154 INFO    MainThread   dsh fallback submit: enter=True words=3
2026-09-29 13:26:40,888 INFO    MainThread   starting Flow (python 3.12.10, C:\Users\wirih\repos\flow\venv\Scripts\pythonw.exe)
2026-09-29 13:36:57,047 INFO    MainThread   named composer not unique (0 visible); trying focused field
2026-09-29 13:36:57,133 INFO    MainThread   named composer not unique (0 visible); trying focused field
2026-09-29 13:36:57,220 INFO    MainThread   named composer not unique (0 visible); trying focused field
2026-09-29 13:36:57,306 INFO    MainThread   named composer not unique (0 visible); trying focused field
2026-09-29 13:36:57,382 WARNING MainThread   No verifiable text field found for hwnd=131980
2026-09-29 13:36:57,382 INFO    MainThread   captured text target: window='Comparing WhisperFlow vs Flow app transcription quality — DeepSeek Harness - Neo' field=None verified_field=False
2026-09-29 13:37:01,425 INFO    Thread-4 (_transcribe) transcribe worker started: 3.6s clip, engine=whisper
2026-09-29 13:37:01,437 INFO    Thread-4 (_transcribe) whisper transcribe start: 3.6s of audio
2026-09-29 13:37:03,607 INFO    Thread-4 (_transcribe) whisper transcribe done in 2.2s
2026-09-29 13:37:03,701 INFO    MainThread   named composer not unique (0 visible); trying focused field
2026-09-29 13:37:03,783 INFO    MainThread   named composer not unique (0 visible); trying focused field
2026-09-29 13:37:03,866 INFO    MainThread   named composer not unique (0 visible); trying focused field
2026-09-29 13:37:03,949 INFO    MainThread   named composer not unique (0 visible); trying focused field
2026-09-29 13:37:04,025 WARNING MainThread   No verifiable text field found for hwnd=131980
2026-09-29 13:37:04,025 INFO    MainThread   delivery-time text target retry: verified_field=False
2026-09-29 13:37:04,288 INFO    MainThread   dsh clipboard fallback paste: ok=True method=paste words=5
2026-09-29 13:37:04,599 INFO    MainThread   dsh fallback submit: enter=True words=5
2026-09-29 13:39:29,463 INFO    MainThread   named composer not unique (0 visible); trying focused field
2026-09-29 13:39:29,547 INFO    MainThread   named composer not unique (0 visible); trying focused field
2026-09-29 13:39:29,630 INFO    MainThread   named composer not unique (0 visible); trying focused field
2026-09-29 13:39:29,714 INFO    MainThread   named composer not unique (0 visible); trying focused field
2026-09-29 13:39:29,790 WARNING MainThread   No verifiable text field found for hwnd=131980
2026-09-29 13:39:29,790 INFO    MainThread   captured text target: window='Comparing WhisperFlow vs Flow app transcription quality — DeepSeek Harness - Neo' field=None verified_field=False
2026-09-29 13:39:33,742 INFO    Thread-5 (_transcribe) transcribe worker started: 3.5s clip, engine=whisper
2026-09-29 13:39:33,744 INFO    Thread-5 (_transcribe) whisper transcribe start: 3.5s of audio
2026-09-29 13:39:35,317 INFO    Thread-5 (_transcribe) whisper transcribe done in 1.6s
2026-09-29 13:39:35,418 INFO    MainThread   named composer not unique (0 visible); trying focused field
2026-09-29 13:39:35,505 INFO    MainThread   named composer not unique (0 visible); trying focused field
2026-09-29 13:39:35,591 INFO    MainThread   named composer not unique (0 visible); trying focused field
2026-09-29 13:39:35,676 INFO    MainThread   named composer not unique (0 visible); trying focused field
2026-09-29 13:39:35,752 WARNING MainThread   No verifiable text field found for hwnd=131980
2026-09-29 13:39:35,752 INFO    MainThread   delivery-time text target retry: verified_field=False
2026-09-29 13:39:36,014 INFO    MainThread   dsh clipboard fallback paste: ok=True method=paste words=4
2026-09-29 13:39:36,325 INFO    MainThread   dsh fallback submit: enter=True words=4
2026-09-29 13:42:35,464 INFO    MainThread   starting Flow (python 3.12.10, C:\Users\wirih\repos\flow\venv\Scripts\pythonw.exe)
2026-09-29 13:42:38,882 INFO    MainThread   another copy of Flow is already running - exiting
2026-09-29 14:26:24,365 INFO    MainThread   starting Flow (python 3.12.10, C:\Users\wirih\repos\flow\venv\Scripts\pythonw.exe)
2026-09-29 15:00:50,782 INFO    MainThread   dsh voice check failed: <urlopen error timed out>
2026-09-29 15:00:51,544 WARNING MainThread   No verifiable text field found for hwnd=68824
2026-09-29 15:00:51,544 INFO    MainThread   captured text target: window='ZCode' field=None verified_field=False
2026-09-29 15:00:59,338 INFO    Thread-4 (_transcribe) transcribe worker started: 7.3s clip, engine=whisper
2026-09-29 15:00:59,371 INFO    Thread-4 (_transcribe) whisper transcribe start: 7.3s of audio
2026-09-29 15:01:01,432 INFO    Thread-4 (_transcribe) whisper transcribe done in 2.1s
2026-09-29 15:01:01,786 WARNING MainThread   No verifiable text field found for hwnd=68824
2026-09-29 15:01:01,786 INFO    MainThread   delivery-time text target retry: verified_field=False
2026-09-29 15:01:01,787 WARNING MainThread   delivery not attempted: no verified text field; words=6
2026-09-29 15:01:07,694 WARNING MainThread   No verifiable text field found for hwnd=68824
2026-09-29 15:01:07,694 INFO    MainThread   captured text target: window='ZCode' field=None verified_field=False
2026-09-29 15:01:11,827 INFO    Thread-5 (_transcribe) transcribe worker started: 3.8s clip, engine=whisper
2026-09-29 15:01:11,830 INFO    Thread-5 (_transcribe) whisper transcribe start: 3.8s of audio
2026-09-29 15:01:13,139 INFO    Thread-5 (_transcribe) whisper transcribe done in 1.3s
2026-09-29 15:01:13,536 WARNING MainThread   No verifiable text field found for hwnd=68824
2026-09-29 15:01:13,536 INFO    MainThread   delivery-time text target retry: verified_field=False
2026-09-29 15:01:13,536 WARNING MainThread   delivery not attempted: no verified text field; words=7
2026-09-29 15:01:51,648 INFO    MainThread   dsh voice check failed: <urlopen error timed out>
2026-09-29 15:01:51,957 WARNING MainThread   No verifiable text field found for hwnd=68824
2026-09-29 15:01:51,957 INFO    MainThread   captured text target: window='ZCode' field=None verified_field=False
2026-09-29 15:01:57,184 INFO    Thread-6 (_transcribe) transcribe worker started: 4.9s clip, engine=whisper
2026-09-29 15:01:57,187 INFO    Thread-6 (_transcribe) whisper transcribe start: 4.9s of audio
2026-09-29 15:01:58,516 INFO    Thread-6 (_transcribe) whisper transcribe done in 1.3s
2026-09-29 15:01:58,864 WARNING MainThread   No verifiable text field found for hwnd=68824
2026-09-29 15:01:58,864 INFO    MainThread   delivery-time text target retry: verified_field=False
2026-09-29 15:01:58,864 WARNING MainThread   delivery not attempted: no verified text field; words=4
2026-09-29 15:10:24,482 INFO    MainThread   named composer not unique (0 visible); trying focused field
2026-09-29 15:10:24,569 INFO    MainThread   named composer not unique (0 visible); trying focused field
2026-09-29 15:10:24,652 INFO    MainThread   named composer not unique (0 visible); trying focused field
2026-09-29 15:10:24,734 INFO    MainThread   named composer not unique (0 visible); trying focused field
2026-09-29 15:10:24,810 WARNING MainThread   No verifiable text field found for hwnd=1313478
2026-09-29 15:10:24,811 INFO    MainThread   captured text target: window='List installed apps for removal — DeepSeek Harness - Neo' field=None verified_field=False
2026-09-29 15:10:34,335 INFO    Thread-7 (_transcribe) transcribe worker started: 9.1s clip, engine=whisper
2026-09-29 15:10:34,347 INFO    Thread-7 (_transcribe) whisper transcribe start: 9.1s of audio
2026-09-29 15:10:37,708 INFO    Thread-7 (_transcribe) whisper transcribe done in 3.4s
2026-09-29 15:10:37,765 INFO    MainThread   named composer not unique (0 visible); trying focused field
2026-09-29 15:10:37,846 INFO    MainThread   named composer not unique (0 visible); trying focused field
2026-09-29 15:10:37,927 INFO    MainThread   named composer not unique (0 visible); trying focused field
2026-09-29 15:10:38,009 INFO    MainThread   named composer not unique (0 visible); trying focused field
2026-09-29 15:10:38,086 WARNING MainThread   No verifiable text field found for hwnd=1313478
2026-09-29 15:10:38,086 INFO    MainThread   delivery-time text target retry: verified_field=False
2026-09-29 15:10:38,360 INFO    MainThread   dsh clipboard fallback paste: ok=True method=paste words=14
2026-09-29 15:10:38,671 INFO    MainThread   dsh fallback submit: enter=True words=14
2026-09-29 15:13:38,240 INFO    MainThread   dsh reply voice stopped by pill (ack=True)
2026-09-29 15:13:47,050 INFO    MainThread   named composer not unique (0 visible); trying focused field
2026-09-29 15:13:47,135 INFO    MainThread   named composer not unique (0 visible); trying focused field
2026-09-29 15:13:47,217 INFO    MainThread   named composer not unique (0 visible); trying focused field
2026-09-29 15:13:47,300 INFO    MainThread   named composer not unique (0 visible); trying focused field
2026-09-29 15:13:47,376 WARNING MainThread   No verifiable text field found for hwnd=1313478
2026-09-29 15:13:47,376 INFO    MainThread   captured text target: window='List installed apps for removal — DeepSeek Harness - Neo' field=None verified_field=False
2026-09-29 15:14:19,568 INFO    Thread-8 (_transcribe) transcribe worker started: 31.9s clip, engine=whisper
2026-09-29 15:14:19,573 INFO    Thread-8 (_transcribe) whisper transcribe start: 31.9s of audio
2026-09-29 15:14:20,903 INFO    Thread-8 (_transcribe) whisper transcribe done in 1.3s
2026-09-29 15:14:20,955 INFO    MainThread   named composer not unique (0 visible); trying focused field
2026-09-29 15:14:21,039 INFO    MainThread   named composer not unique (0 visible); trying focused field
2026-09-29 15:14:21,122 INFO    MainThread   named composer not unique (0 visible); trying focused field
2026-09-29 15:14:21,205 INFO    MainThread   named composer not unique (0 visible); trying focused field
2026-09-29 15:14:21,281 WARNING MainThread   No verifiable text field found for hwnd=1313478
2026-09-29 15:14:21,281 INFO    MainThread   delivery-time text target retry: verified_field=False
2026-09-29 15:14:21,544 INFO    MainThread   dsh clipboard fallback paste: ok=True method=paste words=7
2026-09-29 15:14:21,856 INFO    MainThread   dsh fallback submit: enter=True words=7
2026-09-29 15:15:08,915 INFO    MainThread   named composer not unique (0 visible); trying focused field
2026-09-29 15:15:09,000 INFO    MainThread   named composer not unique (0 visible); trying focused field
2026-09-29 15:15:09,082 INFO    MainThread   named composer not unique (0 visible); trying focused field
2026-09-29 15:15:09,166 INFO    MainThread   named composer not unique (0 visible); trying focused field
2026-09-29 15:15:09,242 WARNING MainThread   No verifiable text field found for hwnd=1313478
2026-09-29 15:15:09,242 INFO    MainThread   captured text target: window='List installed apps for removal — DeepSeek Harness - Neo' field=None verified_field=False
2026-09-29 15:15:12,292 INFO    Thread-9 (_transcribe) transcribe worker started: 2.7s clip, engine=whisper
2026-09-29 15:15:12,294 INFO    Thread-9 (_transcribe) whisper transcribe start: 2.7s of audio
2026-09-29 15:15:13,465 INFO    Thread-9 (_transcribe) whisper transcribe done in 1.2s
2026-09-29 15:15:13,568 INFO    MainThread   named composer not unique (0 visible); trying focused field
2026-09-29 15:15:13,651 INFO    MainThread   named composer not unique (0 visible); trying focused field
2026-09-29 15:15:13,735 INFO    MainThread   named composer not unique (0 visible); trying focused field
2026-09-29 15:15:13,819 INFO    MainThread   named composer not unique (0 visible); trying focused field
2026-09-29 15:15:13,895 WARNING MainThread   No verifiable text field found for hwnd=1313478
2026-09-29 15:15:13,895 INFO    MainThread   delivery-time text target retry: verified_field=False
2026-09-29 15:15:14,157 INFO    MainThread   dsh clipboard fallback paste: ok=True method=paste words=4
2026-09-29 15:15:14,469 INFO    MainThread   dsh fallback submit: enter=True words=4
2026-09-29 15:18:01,080 INFO    MainThread   named composer not unique (0 visible); trying focused field
2026-09-29 15:18:01,165 INFO    MainThread   named composer not unique (0 visible); trying focused field
2026-09-29 15:18:01,249 INFO    MainThread   named composer not unique (0 visible); trying focused field
2026-09-29 15:18:01,331 INFO    MainThread   named composer not unique (0 visible); trying focused field
2026-09-29 15:18:01,407 WARNING MainThread   No verifiable text field found for hwnd=1313478
2026-09-29 15:18:01,407 INFO    MainThread   captured text target: window='List installed apps for removal — DeepSeek Harness - Neo' field=None verified_field=False
2026-09-29 15:18:58,206 INFO    Thread-10 (_transcribe) transcribe worker started: 56.4s clip, engine=whisper
2026-09-29 15:18:58,212 INFO    Thread-10 (_transcribe) whisper transcribe start: 56.4s of audio
2026-09-29 15:18:59,814 INFO    Thread-10 (_transcribe) whisper transcribe done in 1.6s
2026-09-29 15:18:59,882 INFO    MainThread   named composer not unique (0 visible); trying focused field
2026-09-29 15:18:59,965 INFO    MainThread   named composer not unique (0 visible); trying focused field
2026-09-29 15:19:00,049 INFO    MainThread   named composer not unique (0 visible); trying focused field
2026-09-29 15:19:00,132 INFO    MainThread   named composer not unique (0 visible); trying focused field
2026-09-29 15:19:00,209 WARNING MainThread   No verifiable text field found for hwnd=1313478
2026-09-29 15:19:00,209 INFO    MainThread   delivery-time text target retry: verified_field=False
2026-09-29 15:19:00,470 INFO    MainThread   dsh clipboard fallback paste: ok=True method=paste words=51
2026-09-29 15:19:00,781 INFO    MainThread   dsh fallback submit: enter=True words=51
2026-09-29 16:05:58,922 INFO    MainThread   named composer not unique (0 visible); trying focused field
2026-09-29 16:05:59,013 INFO    MainThread   named composer not unique (0 visible); trying focused field
2026-09-29 16:05:59,098 INFO    MainThread   named composer not unique (0 visible); trying focused field
2026-09-29 16:05:59,183 INFO    MainThread   named composer not unique (0 visible); trying focused field
2026-09-29 16:05:59,260 WARNING MainThread   No verifiable text field found for hwnd=66912
2026-09-29 16:05:59,260 INFO    MainThread   captured text target: window='List installed apps for removal — DeepSeek Harness - Neo' field=None verified_field=False
2026-09-29 16:07:10,282 INFO    Thread-11 (_transcribe) transcribe worker started: 70.6s clip, engine=whisper
2026-09-29 16:07:10,296 INFO    Thread-11 (_transcribe) whisper transcribe start: 70.6s of audio
2026-09-29 16:07:12,884 INFO    Thread-11 (_transcribe) whisper transcribe done in 2.6s
2026-09-29 16:07:12,987 INFO    MainThread   named composer not unique (0 visible); trying focused field
2026-09-29 16:07:13,072 INFO    MainThread   named composer not unique (0 visible); trying focused field
2026-09-29 16:07:13,154 INFO    MainThread   named composer not unique (0 visible); trying focused field
2026-09-29 16:07:13,238 INFO    MainThread   named composer not unique (0 visible); trying focused field
2026-09-29 16:07:13,314 WARNING MainThread   No verifiable text field found for hwnd=66912
2026-09-29 16:07:13,314 INFO    MainThread   delivery-time text target retry: verified_field=False
2026-09-29 16:07:13,576 INFO    MainThread   dsh clipboard fallback paste: ok=True method=paste words=106
2026-09-29 16:07:13,887 INFO    MainThread   dsh fallback submit: enter=True words=106
2026-09-29 16:09:28,412 INFO    MainThread   named composer not unique (0 visible); trying focused field
2026-09-29 16:09:28,496 INFO    MainThread   named composer not unique (0 visible); trying focused field
2026-09-29 16:09:28,581 INFO    MainThread   named composer not unique (0 visible); trying focused field
2026-09-29 16:09:28,664 INFO    MainThread   named composer not unique (0 visible); trying focused field
2026-09-29 16:09:28,741 WARNING MainThread   No verifiable text field found for hwnd=66912
2026-09-29 16:09:28,741 INFO    MainThread   captured text target: window='List installed apps for removal — DeepSeek Harness - Neo' field=None verified_field=False
2026-09-29 16:09:53,091 INFO    Thread-12 (_transcribe) transcribe worker started: 23.9s clip, engine=whisper
2026-09-29 16:09:53,094 INFO    Thread-12 (_transcribe) whisper transcribe start: 23.9s of audio
2026-09-29 16:09:54,604 INFO    Thread-12 (_transcribe) whisper transcribe done in 1.5s
2026-09-29 16:09:54,677 INFO    MainThread   named composer not unique (0 visible); trying focused field
2026-09-29 16:09:54,759 INFO    MainThread   named composer not unique (0 visible); trying focused field
2026-09-29 16:09:54,842 INFO    MainThread   named composer not unique (0 visible); trying focused field
2026-09-29 16:09:54,925 INFO    MainThread   named composer not unique (0 visible); trying focused field
2026-09-29 16:09:55,002 WARNING MainThread   No verifiable text field found for hwnd=66912
2026-09-29 16:09:55,002 INFO    MainThread   delivery-time text target retry: verified_field=False
2026-09-29 16:09:55,264 INFO    MainThread   dsh clipboard fallback paste: ok=True method=paste words=46
2026-09-29 16:09:55,574 INFO    MainThread   dsh fallback submit: enter=True words=46
2026-09-29 16:13:37,351 INFO    MainThread   named composer not unique (0 visible); trying focused field
2026-09-29 16:13:37,436 INFO    MainThread   named composer not unique (0 visible); trying focused field
2026-09-29 16:13:37,521 INFO    MainThread   named composer not unique (0 visible); trying focused field
2026-09-29 16:13:37,604 INFO    MainThread   named composer not unique (0 visible); trying focused field
2026-09-29 16:13:37,681 WARNING MainThread   No verifiable text field found for hwnd=66912
2026-09-29 16:13:37,681 INFO    MainThread   captured text target: window='List installed apps for removal — DeepSeek Harness - Neo' field=None verified_field=False
2026-09-29 16:13:40,427 INFO    Thread-13 (_transcribe) transcribe worker started: 2.4s clip, engine=whisper
2026-09-29 16:13:40,430 INFO    Thread-13 (_transcribe) whisper transcribe start: 2.4s of audio
2026-09-29 16:13:41,736 INFO    Thread-13 (_transcribe) whisper transcribe done in 1.3s
2026-09-29 16:13:41,836 INFO    MainThread   named composer not unique (0 visible); trying focused field
2026-09-29 16:13:41,919 INFO    MainThread   named composer not unique (0 visible); trying focused field
2026-09-29 16:13:42,003 INFO    MainThread   named composer not unique (0 visible); trying focused field
2026-09-29 16:13:42,085 INFO    MainThread   named composer not unique (0 visible); trying focused field
2026-09-29 16:13:42,162 WARNING MainThread   No verifiable text field found for hwnd=66912
2026-09-29 16:13:42,162 INFO    MainThread   delivery-time text target retry: verified_field=False
2026-09-29 16:13:42,424 INFO    MainThread   dsh clipboard fallback paste: ok=True method=paste words=5
2026-09-29 16:13:42,735 INFO    MainThread   dsh fallback submit: enter=True words=5
2026-09-29 16:14:19,470 INFO    MainThread   dsh reply voice stopped by pill (ack=True)
2026-09-29 16:14:22,177 INFO    MainThread   named composer not unique (0 visible); trying focused field
2026-09-29 16:14:22,263 INFO    MainThread   named composer not unique (0 visible); trying focused field
2026-09-29 16:14:22,347 INFO    MainThread   named composer not unique (0 visible); trying focused field
2026-09-29 16:14:22,432 INFO    MainThread   named composer not unique (0 visible); trying focused field
2026-09-29 16:14:22,508 WARNING MainThread   No verifiable text field found for hwnd=66912
2026-09-29 16:14:22,508 INFO    MainThread   captured text target: window='List installed apps for removal — DeepSeek Harness - Neo' field=None verified_field=False
2026-09-29 16:14:26,697 INFO    Thread-14 (_transcribe) transcribe worker started: 3.9s clip, engine=whisper
2026-09-29 16:14:26,699 INFO    Thread-14 (_transcribe) whisper transcribe start: 3.9s of audio
2026-09-29 16:14:27,944 INFO    Thread-14 (_transcribe) whisper transcribe done in 1.2s
2026-09-29 16:14:27,975 INFO    MainThread   named composer not unique (0 visible); trying focused field
2026-09-29 16:14:28,057 INFO    MainThread   named composer not unique (0 visible); trying focused field
2026-09-29 16:14:28,139 INFO    MainThread   named composer not unique (0 visible); trying focused field
2026-09-29 16:14:28,222 INFO    MainThread   named composer not unique (0 visible); trying focused field
2026-09-29 16:14:28,298 WARNING MainThread   No verifiable text field found for hwnd=66912
2026-09-29 16:14:28,298 INFO    MainThread   delivery-time text target retry: verified_field=False
2026-09-29 16:14:28,561 INFO    MainThread   dsh clipboard fallback paste: ok=True method=paste words=6
2026-09-29 16:14:28,872 INFO    MainThread   dsh fallback submit: enter=True words=6
2026-09-29 16:16:39,708 INFO    MainThread   named composer not unique (0 visible); trying focused field
2026-09-29 16:16:39,795 INFO    MainThread   named composer not unique (0 visible); trying focused field
2026-09-29 16:16:39,890 INFO    MainThread   named composer not unique (0 visible); trying focused field
2026-09-29 16:16:39,979 INFO    MainThread   named composer not unique (0 visible); trying focused field
2026-09-29 16:16:40,055 WARNING MainThread   No verifiable text field found for hwnd=66912
2026-09-29 16:16:40,055 INFO    MainThread   captured text target: window='List installed apps for removal — DeepSeek Harness - Neo' field=None verified_field=False
2026-09-29 16:16:43,819 INFO    Thread-15 (_transcribe) transcribe worker started: 3.4s clip, engine=whisper
2026-09-29 16:16:43,819 INFO    Thread-15 (_transcribe) whisper transcribe start: 3.4s of audio
2026-09-29 16:16:45,077 INFO    Thread-15 (_transcribe) whisper transcribe done in 1.3s
2026-09-29 16:16:45,111 INFO    MainThread   named composer not unique (0 visible); trying focused field
2026-09-29 16:16:45,193 INFO    MainThread   named composer not unique (0 visible); trying focused field
2026-09-29 16:16:45,276 INFO    MainThread   named composer not unique (0 visible); trying focused field
2026-09-29 16:16:45,359 INFO    MainThread   named composer not unique (0 visible); trying focused field
2026-09-29 16:16:45,435 WARNING MainThread   No verifiable text field found for hwnd=66912
2026-09-29 16:16:45,435 INFO    MainThread   delivery-time text target retry: verified_field=False
2026-09-29 16:16:45,697 INFO    MainThread   dsh clipboard fallback paste: ok=True method=paste words=4
2026-09-29 16:16:46,008 INFO    MainThread   dsh fallback submit: enter=True words=4
2026-09-29 17:01:51,454 INFO    MainThread   named composer not unique (0 visible); trying focused field
2026-09-29 17:01:51,540 INFO    MainThread   named composer not unique (0 visible); trying focused field
2026-09-29 17:01:51,623 INFO    MainThread   named composer not unique (0 visible); trying focused field
2026-09-29 17:01:51,705 INFO    MainThread   named composer not unique (0 visible); trying focused field
2026-09-29 17:01:51,781 WARNING MainThread   No verifiable text field found for hwnd=66912
2026-09-29 17:01:51,781 INFO    MainThread   captured text target: window='List installed apps for removal — DeepSeek Harness - Neo' field=None verified_field=False
2026-09-29 17:01:55,558 INFO    Thread-16 (_transcribe) transcribe worker started: 3.4s clip, engine=whisper
2026-09-29 17:01:55,563 INFO    Thread-16 (_transcribe) whisper transcribe start: 3.4s of audio
2026-09-29 17:01:56,818 INFO    Thread-16 (_transcribe) whisper transcribe done in 1.3s
2026-09-29 17:01:56,848 INFO    MainThread   named composer not unique (0 visible); trying focused field
2026-09-29 17:01:56,933 INFO    MainThread   named composer not unique (0 visible); trying focused field
2026-09-29 17:01:57,016 INFO    MainThread   named composer not unique (0 visible); trying focused field
2026-09-29 17:01:57,100 INFO    MainThread   named composer not unique (0 visible); trying focused field
2026-09-29 17:01:57,176 WARNING MainThread   No verifiable text field found for hwnd=66912
2026-09-29 17:01:57,176 INFO    MainThread   delivery-time text target retry: verified_field=False
2026-09-29 17:01:57,438 INFO    MainThread   dsh clipboard fallback paste: ok=True method=paste words=5
2026-09-29 17:01:57,749 INFO    MainThread   dsh fallback submit: enter=True words=5
2026-09-29 17:02:00,999 INFO    MainThread   named composer not unique (0 visible); trying focused field
2026-09-29 17:02:01,082 INFO    MainThread   named composer not unique (0 visible); trying focused field
2026-09-29 17:02:01,164 INFO    MainThread   named composer not unique (0 visible); trying focused field
2026-09-29 17:02:01,248 INFO    MainThread   named composer not unique (0 visible); trying focused field
2026-09-29 17:02:01,325 WARNING MainThread   No verifiable text field found for hwnd=66912
2026-09-29 17:02:01,325 INFO    MainThread   captured text target: window='List installed apps for removal — DeepSeek Harness - Neo' field=None verified_field=False
2026-09-29 17:02:02,021 INFO    Thread-17 (_transcribe) transcribe worker started: 0.4s clip, engine=whisper
2026-09-29 17:02:02,024 INFO    Thread-17 (_transcribe) whisper transcribe start: 0.4s of audio
2026-09-29 17:02:02,722 INFO    Thread-17 (_transcribe) whisper transcribe done in 0.7s
2026-09-29 17:02:03,664 INFO    MainThread   named composer not unique (0 visible); trying focused field
2026-09-29 17:02:03,746 INFO    MainThread   named composer not unique (0 visible); trying focused field
2026-09-29 17:02:03,828 INFO    MainThread   named composer not unique (0 visible); trying focused field
2026-09-29 17:02:03,910 INFO    MainThread   named composer not unique (0 visible); trying focused field
2026-09-29 17:02:03,986 WARNING MainThread   No verifiable text field found for hwnd=66912
2026-09-29 17:02:03,986 INFO    MainThread   captured text target: window='List installed apps for removal — DeepSeek Harness - Neo' field=None verified_field=False
2026-09-29 17:02:08,344 INFO    Thread-18 (_transcribe) transcribe worker started: 4.1s clip, engine=whisper
2026-09-29 17:02:08,347 INFO    Thread-18 (_transcribe) whisper transcribe start: 4.1s of audio
2026-09-29 17:02:09,622 INFO    Thread-18 (_transcribe) whisper transcribe done in 1.3s
2026-09-29 17:02:09,710 INFO    MainThread   named composer not unique (0 visible); trying focused field
2026-09-29 17:02:09,791 INFO    MainThread   named composer not unique (0 visible); trying focused field
2026-09-29 17:02:09,873 INFO    MainThread   named composer not unique (0 visible); trying focused field
2026-09-29 17:02:09,956 INFO    MainThread   named composer not unique (0 visible); trying focused field
2026-09-29 17:02:10,033 WARNING MainThread   No verifiable text field found for hwnd=66912
2026-09-29 17:02:10,033 INFO    MainThread   delivery-time text target retry: verified_field=False
2026-09-29 17:02:10,296 INFO    MainThread   dsh clipboard fallback paste: ok=True method=paste words=7
2026-09-29 17:02:10,607 INFO    MainThread   dsh fallback submit: enter=True words=7
2026-09-29 17:36:29,293 INFO    MainThread   named composer not unique (0 visible); trying focused field
2026-09-29 17:36:29,391 INFO    MainThread   named composer not unique (0 visible); trying focused field
2026-09-29 17:36:29,478 INFO    MainThread   named composer not unique (0 visible); trying focused field
2026-09-29 17:36:29,563 INFO    MainThread   named composer not unique (0 visible); trying focused field
2026-09-29 17:36:29,639 WARNING MainThread   No verifiable text field found for hwnd=66912
2026-09-29 17:36:29,639 INFO    MainThread   captured text target: window='DeepSeek Harness - Neo' field=None verified_field=False
2026-09-29 17:38:04,224 INFO    Thread-19 (_transcribe) transcribe worker started: 94.1s clip, engine=whisper
2026-09-29 17:38:04,254 INFO    Thread-19 (_transcribe) whisper transcribe start: 94.1s of audio
2026-09-29 17:38:09,037 INFO    Thread-19 (_transcribe) whisper transcribe done in 4.8s
2026-09-29 17:38:09,106 INFO    MainThread   named composer not unique (0 visible); trying focused field
2026-09-29 17:38:09,197 INFO    MainThread   named composer not unique (0 visible); trying focused field
2026-09-29 17:38:09,289 INFO    MainThread   named composer not unique (0 visible); trying focused field
2026-09-29 17:38:09,379 INFO    MainThread   named composer not unique (0 visible); trying focused field
2026-09-29 17:38:09,456 WARNING MainThread   No verifiable text field found for hwnd=66912
2026-09-29 17:38:09,456 INFO    MainThread   delivery-time text target retry: verified_field=False
2026-09-29 17:38:09,722 INFO    MainThread   dsh clipboard fallback paste: ok=True method=paste words=83
2026-09-29 17:38:10,034 INFO    MainThread   dsh fallback submit: enter=True words=83
2026-09-29 17:44:26,312 INFO    MainThread   Flow closed
2026-09-29 17:44:38,258 INFO    MainThread   starting Flow (python 3.12.10, C:\Users\wirih\repos\flow\venv\Scripts\pythonw.exe)
2026-09-29 17:45:29,308 WARNING MainThread   No verifiable text field found for hwnd=66912
2026-09-29 17:45:29,308 INFO    MainThread   captured text target: window='(1) Pariroa Pa Maintence Team | Facebook - Neo' field=None verified_field=False
2026-09-29 17:45:41,174 INFO    Thread-4 (_transcribe) transcribe worker started: 11.5s clip, engine=whisper
2026-09-29 17:45:41,195 INFO    Thread-4 (_transcribe) whisper transcribe start: 11.5s of audio
2026-09-29 17:45:43,032 INFO    Thread-4 (_transcribe) whisper transcribe done in 1.8s
2026-09-29 17:45:43,380 WARNING MainThread   No verifiable text field found for hwnd=66912
2026-09-29 17:45:43,380 INFO    MainThread   delivery-time text target retry: verified_field=False
2026-09-29 17:45:43,380 WARNING MainThread   delivery not attempted: no verified text field; words=7
2026-09-29 18:00:25,767 INFO    MainThread   named composer not unique (0 visible); trying focused field
2026-09-29 18:00:25,855 INFO    MainThread   named composer not unique (0 visible); trying focused field
2026-09-29 18:00:25,940 INFO    MainThread   named composer not unique (0 visible); trying focused field
2026-09-29 18:00:26,024 INFO    MainThread   named composer not unique (0 visible); trying focused field
2026-09-29 18:00:26,100 WARNING MainThread   No verifiable text field found for hwnd=66912
2026-09-29 18:00:26,100 INFO    MainThread   captured text target: window="Mum's Land Folder Setup — DeepSeek Harness - Neo" field=None verified_field=False
2026-09-29 18:00:42,549 INFO    Thread-5 (_transcribe) transcribe worker started: 16.1s clip, engine=whisper
2026-09-29 18:00:42,553 INFO    Thread-5 (_transcribe) whisper transcribe start: 16.1s of audio
2026-09-29 18:00:44,046 INFO    Thread-5 (_transcribe) whisper transcribe done in 1.5s
2026-09-29 18:00:44,107 INFO    MainThread   named composer not unique (0 visible); trying focused field
2026-09-29 18:00:44,189 INFO    MainThread   named composer not unique (0 visible); trying focused field
2026-09-29 18:00:44,273 INFO    MainThread   named composer not unique (0 visible); trying focused field
2026-09-29 18:00:44,356 INFO    MainThread   named composer not unique (0 visible); trying focused field
2026-09-29 18:00:44,432 WARNING MainThread   No verifiable text field found for hwnd=66912
2026-09-29 18:00:44,432 INFO    MainThread   delivery-time text target retry: verified_field=False
2026-09-29 18:00:44,695 INFO    MainThread   dsh clipboard fallback paste: ok=True method=paste words=26
2026-09-29 18:00:45,006 INFO    MainThread   dsh fallback submit: enter=True words=26
2026-09-29 18:06:23,200 INFO    MainThread   named composer not unique (0 visible); trying focused field
2026-09-29 18:06:23,289 INFO    MainThread   named composer not unique (0 visible); trying focused field
2026-09-29 18:06:23,373 INFO    MainThread   named composer not unique (0 visible); trying focused field
2026-09-29 18:06:23,456 INFO    MainThread   named composer not unique (0 visible); trying focused field
2026-09-29 18:06:23,533 WARNING MainThread   No verifiable text field found for hwnd=66912
2026-09-29 18:06:23,533 INFO    MainThread   captured text target: window="Mum's Land Folder Setup — DeepSeek Harness - Neo" field=None verified_field=False
2026-09-29 18:07:23,931 INFO    Thread-6 (_transcribe) transcribe worker started: 60.0s clip, engine=whisper
2026-09-29 18:07:23,938 INFO    Thread-6 (_transcribe) whisper transcribe start: 60.0s of audio
2026-09-29 18:07:25,459 INFO    Thread-6 (_transcribe) whisper transcribe done in 1.5s
2026-09-29 18:07:25,554 INFO    MainThread   named composer not unique (0 visible); trying focused field
2026-09-29 18:07:25,638 INFO    MainThread   named composer not unique (0 visible); trying focused field
2026-09-29 18:07:25,720 INFO    MainThread   named composer not unique (0 visible); trying focused field
2026-09-29 18:07:25,803 INFO    MainThread   named composer not unique (0 visible); trying focused field
2026-09-29 18:07:25,880 WARNING MainThread   No verifiable text field found for hwnd=66912
2026-09-29 18:07:25,880 INFO    MainThread   delivery-time text target retry: verified_field=False
2026-09-29 18:07:26,142 INFO    MainThread   dsh clipboard fallback paste: ok=True method=paste words=16
2026-09-29 18:07:26,453 INFO    MainThread   dsh fallback submit: enter=True words=16
2026-09-29 18:10:59,492 INFO    MainThread   named composer not unique (0 visible); trying focused field
2026-09-29 18:10:59,576 INFO    MainThread   named composer not unique (0 visible); trying focused field
2026-09-29 18:10:59,659 INFO    MainThread   named composer not unique (0 visible); trying focused field
2026-09-29 18:10:59,743 INFO    MainThread   named composer not unique (0 visible); trying focused field
2026-09-29 18:10:59,819 WARNING MainThread   No verifiable text field found for hwnd=66912
2026-09-29 18:10:59,819 INFO    MainThread   captured text target: window="Mum's Land Folder Setup — DeepSeek Harness - Neo" field=None verified_field=False
2026-09-29 18:11:07,760 INFO    Thread-7 (_transcribe) transcribe worker started: 7.4s clip, engine=whisper
2026-09-29 18:11:07,762 INFO    Thread-7 (_transcribe) whisper transcribe start: 7.4s of audio
2026-09-29 18:11:09,080 INFO    Thread-7 (_transcribe) whisper transcribe done in 1.3s
2026-09-29 18:11:09,154 INFO    MainThread   named composer not unique (0 visible); trying focused field
2026-09-29 18:11:09,237 INFO    MainThread   named composer not unique (0 visible); trying focused field
2026-09-29 18:11:09,320 INFO    MainThread   named composer not unique (0 visible); trying focused field
2026-09-29 18:11:09,403 INFO    MainThread   named composer not unique (0 visible); trying focused field
2026-09-29 18:11:09,479 WARNING MainThread   No verifiable text field found for hwnd=66912
2026-09-29 18:11:09,479 INFO    MainThread   delivery-time text target retry: verified_field=False
2026-09-29 18:11:09,741 INFO    MainThread   dsh clipboard fallback paste: ok=True method=paste words=9
2026-09-29 18:11:10,053 INFO    MainThread   dsh fallback submit: enter=True words=9
2026-09-29 18:12:58,860 INFO    MainThread   named composer not unique (0 visible); trying focused field
2026-09-29 18:12:58,943 INFO    MainThread   named composer not unique (0 visible); trying focused field
2026-09-29 18:12:59,027 INFO    MainThread   named composer not unique (0 visible); trying focused field
2026-09-29 18:12:59,114 INFO    MainThread   named composer not unique (0 visible); trying focused field
2026-09-29 18:12:59,191 WARNING MainThread   No verifiable text field found for hwnd=66912
2026-09-29 18:12:59,191 INFO    MainThread   captured text target: window="Mum's Land Folder Setup — DeepSeek Harness - Neo" field=None verified_field=False
2026-09-29 18:13:15,974 INFO    Thread-8 (_transcribe) transcribe worker started: 16.3s clip, engine=whisper
2026-09-29 18:13:15,978 INFO    Thread-8 (_transcribe) whisper transcribe start: 16.3s of audio
2026-09-29 18:13:17,351 INFO    Thread-8 (_transcribe) whisper transcribe done in 1.4s
2026-09-29 18:13:17,380 INFO    MainThread   named composer not unique (0 visible); trying focused field
2026-09-29 18:13:17,462 INFO    MainThread   named composer not unique (0 visible); trying focused field
2026-09-29 18:13:17,545 INFO    MainThread   named composer not unique (0 visible); trying focused field
2026-09-29 18:13:17,627 INFO    MainThread   named composer not unique (0 visible); trying focused field
2026-09-29 18:13:17,703 WARNING MainThread   No verifiable text field found for hwnd=66912
2026-09-29 18:13:17,703 INFO    MainThread   delivery-time text target retry: verified_field=False
2026-09-29 18:13:17,965 INFO    MainThread   dsh clipboard fallback paste: ok=True method=paste words=26
2026-09-29 18:13:18,275 INFO    MainThread   dsh fallback submit: enter=True words=26
2026-09-29 18:14:23,868 INFO    MainThread   named composer not unique (0 visible); trying focused field
2026-09-29 18:14:23,951 INFO    MainThread   named composer not unique (0 visible); trying focused field
2026-09-29 18:14:24,034 INFO    MainThread   named composer not unique (0 visible); trying focused field
2026-09-29 18:14:24,116 INFO    MainThread   named composer not unique (0 visible); trying focused field
2026-09-29 18:14:24,193 WARNING MainThread   No verifiable text field found for hwnd=66912
2026-09-29 18:14:24,193 INFO    MainThread   captured text target: window="Mum's Land Folder Setup — DeepSeek Harness - Neo" field=None verified_field=False
2026-09-29 18:14:35,258 INFO    Thread-9 (_transcribe) transcribe worker started: 10.7s clip, engine=whisper
2026-09-29 18:14:35,260 INFO    Thread-9 (_transcribe) whisper transcribe start: 10.7s of audio
2026-09-29 18:14:36,655 INFO    Thread-9 (_transcribe) whisper transcribe done in 1.4s
2026-09-29 18:14:36,752 INFO    MainThread   named composer not unique (0 visible); trying focused field
2026-09-29 18:14:36,839 INFO    MainThread   named composer not unique (0 visible); trying focused field
2026-09-29 18:14:36,923 INFO    MainThread   named composer not unique (0 visible); trying focused field
2026-09-29 18:14:37,005 INFO    MainThread   named composer not unique (0 visible); trying focused field
2026-09-29 18:14:37,082 WARNING MainThread   No verifiable text field found for hwnd=66912
2026-09-29 18:14:37,082 INFO    MainThread   delivery-time text target retry: verified_field=False
2026-09-29 18:14:37,344 INFO    MainThread   dsh clipboard fallback paste: ok=True method=paste words=17
2026-09-29 18:14:37,655 INFO    MainThread   dsh fallback submit: enter=True words=17
2026-09-29 18:15:06,579 INFO    MainThread   named composer not unique (0 visible); trying focused field
2026-09-29 18:15:06,662 INFO    MainThread   named composer not unique (0 visible); trying focused field
2026-09-29 18:15:06,747 INFO    MainThread   named composer not unique (0 visible); trying focused field
2026-09-29 18:15:06,831 INFO    MainThread   named composer not unique (0 visible); trying focused field
2026-09-29 18:15:06,907 WARNING MainThread   No verifiable text field found for hwnd=66912
2026-09-29 18:15:06,907 INFO    MainThread   captured text target: window="Mum's Land Folder Setup — DeepSeek Harness - Neo" field=None verified_field=False
2026-09-29 18:15:49,268 INFO    Thread-10 (_transcribe) transcribe worker started: 41.8s clip, engine=whisper
2026-09-29 18:15:49,272 INFO    Thread-10 (_transcribe) whisper transcribe start: 41.8s of audio
2026-09-29 18:15:51,774 INFO    Thread-10 (_transcribe) whisper transcribe done in 2.5s
2026-09-29 18:15:51,819 INFO    MainThread   named composer not unique (0 visible); trying focused field
2026-09-29 18:15:51,900 INFO    MainThread   named composer not unique (0 visible); trying focused field
2026-09-29 18:15:51,981 INFO    MainThread   named composer not unique (0 visible); trying focused field
2026-09-29 18:15:52,063 INFO    MainThread   named composer not unique (0 visible); trying focused field
2026-09-29 18:15:52,139 WARNING MainThread   No verifiable text field found for hwnd=66912
2026-09-29 18:15:52,139 INFO    MainThread   delivery-time text target retry: verified_field=False
2026-09-29 18:15:52,402 INFO    MainThread   dsh clipboard fallback paste: ok=True method=paste words=53
2026-09-29 18:15:52,713 INFO    MainThread   dsh fallback submit: enter=True words=53
2026-09-29 18:17:05,350 INFO    MainThread   named composer not unique (0 visible); trying focused field
2026-09-29 18:17:05,431 INFO    MainThread   named composer not unique (0 visible); trying focused field
2026-09-29 18:17:05,512 INFO    MainThread   named composer not unique (0 visible); trying focused field
2026-09-29 18:17:05,593 INFO    MainThread   named composer not unique (0 visible); trying focused field
2026-09-29 18:17:05,669 WARNING MainThread   No verifiable text field found for hwnd=66912
2026-09-29 18:17:05,669 INFO    MainThread   captured text target: window="Mum's Land Folder Setup — DeepSeek Harness - Neo" field=None verified_field=False
2026-09-29 18:17:16,476 INFO    Thread-11 (_transcribe) transcribe worker started: 10.5s clip, engine=whisper
2026-09-29 18:17:16,478 INFO    Thread-11 (_transcribe) whisper transcribe start: 10.5s of audio
2026-09-29 18:17:17,788 INFO    Thread-11 (_transcribe) whisper transcribe done in 1.3s
2026-09-29 18:17:17,877 INFO    MainThread   named composer not unique (0 visible); trying focused field
2026-09-29 18:17:17,959 INFO    MainThread   named composer not unique (0 visible); trying focused field
2026-09-29 18:17:18,042 INFO    MainThread   named composer not unique (0 visible); trying focused field
2026-09-29 18:17:18,124 INFO    MainThread   named composer not unique (0 visible); trying focused field
2026-09-29 18:17:18,200 WARNING MainThread   No verifiable text field found for hwnd=66912
2026-09-29 18:17:18,200 INFO    MainThread   delivery-time text target retry: verified_field=False
2026-09-29 18:17:18,462 INFO    MainThread   dsh clipboard fallback paste: ok=True method=paste words=13
2026-09-29 18:17:18,773 INFO    MainThread   dsh fallback submit: enter=True words=13
2026-09-29 18:18:38,180 INFO    MainThread   named composer not unique (0 visible); trying focused field
2026-09-29 18:18:38,263 INFO    MainThread   named composer not unique (0 visible); trying focused field
2026-09-29 18:18:38,347 INFO    MainThread   named composer not unique (0 visible); trying focused field
2026-09-29 18:18:38,430 INFO    MainThread   named composer not unique (0 visible); trying focused field
2026-09-29 18:18:38,507 WARNING MainThread   No verifiable text field found for hwnd=66912
2026-09-29 18:18:38,507 INFO    MainThread   captured text target: window="Mum's Land Folder Setup — DeepSeek Harness - Neo" field=None verified_field=False
2026-09-29 18:18:58,892 INFO    Thread-12 (_transcribe) transcribe worker started: 19.9s clip, engine=whisper
2026-09-29 18:18:58,896 INFO    Thread-12 (_transcribe) whisper transcribe start: 19.9s of audio
2026-09-29 18:19:00,238 INFO    Thread-12 (_transcribe) whisper transcribe done in 1.3s
2026-09-29 18:19:00,293 INFO    MainThread   named composer not unique (0 visible); trying focused field
2026-09-29 18:19:00,376 INFO    MainThread   named composer not unique (0 visible); trying focused field
2026-09-29 18:19:00,458 INFO    MainThread   named composer not unique (0 visible); trying focused field
2026-09-29 18:19:00,541 INFO    MainThread   named composer not unique (0 visible); trying focused field
2026-09-29 18:19:00,617 WARNING MainThread   No verifiable text field found for hwnd=66912
2026-09-29 18:19:00,617 INFO    MainThread   delivery-time text target retry: verified_field=False
2026-09-29 18:19:00,879 INFO    MainThread   dsh clipboard fallback paste: ok=True method=paste words=29
2026-09-29 18:19:01,190 INFO    MainThread   dsh fallback submit: enter=True words=29
2026-09-29 18:19:12,857 INFO    MainThread   named composer not unique (0 visible); trying focused field
2026-09-29 18:19:12,940 INFO    MainThread   named composer not unique (0 visible); trying focused field
2026-09-29 18:19:13,024 INFO    MainThread   named composer not unique (0 visible); trying focused field
2026-09-29 18:19:13,107 INFO    MainThread   named composer not unique (0 visible); trying focused field
2026-09-29 18:19:13,183 WARNING MainThread   No verifiable text field found for hwnd=66912
2026-09-29 18:19:13,183 INFO    MainThread   captured text target: window="Mum's Land Folder Setup — DeepSeek Harness - Neo" field=None verified_field=False
2026-09-29 18:19:53,124 INFO    Thread-13 (_transcribe) transcribe worker started: 39.4s clip, engine=whisper
2026-09-29 18:19:53,127 INFO    Thread-13 (_transcribe) whisper transcribe start: 39.4s of audio
2026-09-29 18:19:54,707 INFO    Thread-13 (_transcribe) whisper transcribe done in 1.6s
2026-09-29 18:19:54,718 INFO    MainThread   named composer not unique (0 visible); trying focused field
2026-09-29 18:19:54,800 INFO    MainThread   named composer not unique (0 visible); trying focused field
2026-09-29 18:19:54,884 INFO    MainThread   named composer not unique (0 visible); trying focused field
2026-09-29 18:19:54,966 INFO    MainThread   named composer not unique (0 visible); trying focused field
2026-09-29 18:19:55,042 WARNING MainThread   No verifiable text field found for hwnd=66912
2026-09-29 18:19:55,042 INFO    MainThread   delivery-time text target retry: verified_field=False
2026-09-29 18:19:55,304 INFO    MainThread   dsh clipboard fallback paste: ok=True method=paste words=50
2026-09-29 18:19:55,615 INFO    MainThread   dsh fallback submit: enter=True words=50
2026-09-29 18:22:48,916 INFO    MainThread   named composer not unique (0 visible); trying focused field
2026-09-29 18:22:49,001 INFO    MainThread   named composer not unique (0 visible); trying focused field
2026-09-29 18:22:49,084 INFO    MainThread   named composer not unique (0 visible); trying focused field
2026-09-29 18:22:49,167 INFO    MainThread   named composer not unique (0 visible); trying focused field
2026-09-29 18:22:49,243 WARNING MainThread   No verifiable text field found for hwnd=66912
2026-09-29 18:22:49,243 INFO    MainThread   captured text target: window="Mum's Land Folder Setup — DeepSeek Harness - Neo" field=None verified_field=False
2026-09-29 18:22:52,547 INFO    Thread-14 (_transcribe) transcribe worker started: 2.8s clip, engine=whisper
2026-09-29 18:22:52,550 INFO    Thread-14 (_transcribe) whisper transcribe start: 2.8s of audio
2026-09-29 18:22:53,836 INFO    Thread-14 (_transcribe) whisper transcribe done in 1.3s
2026-09-29 18:22:53,865 INFO    MainThread   named composer not unique (0 visible); trying focused field
2026-09-29 18:22:53,946 INFO    MainThread   named composer not unique (0 visible); trying focused field
2026-09-29 18:22:54,028 INFO    MainThread   named composer not unique (0 visible); trying focused field
2026-09-29 18:22:54,111 INFO    MainThread   named composer not unique (0 visible); trying focused field
2026-09-29 18:22:54,187 WARNING MainThread   No verifiable text field found for hwnd=66912
2026-09-29 18:22:54,187 INFO    MainThread   delivery-time text target retry: verified_field=False
2026-09-29 18:22:54,449 INFO    MainThread   dsh clipboard fallback paste: ok=True method=paste words=4
2026-09-29 18:22:54,760 INFO    MainThread   dsh fallback submit: enter=True words=4
2026-09-29 18:23:00,059 INFO    MainThread   named composer not unique (0 visible); trying focused field
2026-09-29 18:23:00,142 INFO    MainThread   named composer not unique (0 visible); trying focused field
2026-09-29 18:23:00,225 INFO    MainThread   named composer not unique (0 visible); trying focused field
2026-09-29 18:23:00,308 INFO    MainThread   named composer not unique (0 visible); trying focused field
2026-09-29 18:23:00,384 WARNING MainThread   No verifiable text field found for hwnd=66912
2026-09-29 18:23:00,384 INFO    MainThread   captured text target: window="Mum's Land Folder Setup — DeepSeek Harness - Neo" field=None verified_field=False
2026-09-29 18:23:24,085 INFO    Thread-15 (_transcribe) transcribe worker started: 23.1s clip, engine=whisper
2026-09-29 18:23:24,091 INFO    Thread-15 (_transcribe) whisper transcribe start: 23.1s of audio
2026-09-29 18:23:25,510 INFO    Thread-15 (_transcribe) whisper transcribe done in 1.4s
2026-09-29 18:23:25,584 INFO    MainThread   named composer not unique (0 visible); trying focused field
2026-09-29 18:23:25,666 INFO    MainThread   named composer not unique (0 visible); trying focused field
2026-09-29 18:23:25,748 INFO    MainThread   named composer not unique (0 visible); trying focused field
2026-09-29 18:23:25,831 INFO    MainThread   named composer not unique (0 visible); trying focused field
2026-09-29 18:23:25,907 WARNING MainThread   No verifiable text field found for hwnd=66912
2026-09-29 18:23:25,907 INFO    MainThread   delivery-time text target retry: verified_field=False
2026-09-29 18:23:26,168 INFO    MainThread   dsh clipboard fallback paste: ok=True method=paste words=25
2026-09-29 18:23:26,479 INFO    MainThread   dsh fallback submit: enter=True words=25
2026-09-29 18:24:31,007 INFO    MainThread   named composer not unique (0 visible); trying focused field
2026-09-29 18:24:31,089 INFO    MainThread   named composer not unique (0 visible); trying focused field
2026-09-29 18:24:31,171 INFO    MainThread   named composer not unique (0 visible); trying focused field
2026-09-29 18:24:31,253 INFO    MainThread   named composer not unique (0 visible); trying focused field
2026-09-29 18:24:31,330 WARNING MainThread   No verifiable text field found for hwnd=66912
2026-09-29 18:24:31,330 INFO    MainThread   captured text target: window="Mum's Land Folder Setup — DeepSeek Harness - Neo" field=None verified_field=False
2026-09-29 18:25:11,001 INFO    Thread-16 (_transcribe) transcribe worker started: 39.1s clip, engine=whisper
2026-09-29 18:25:11,009 INFO    Thread-16 (_transcribe) whisper transcribe start: 39.1s of audio
2026-09-29 18:25:12,532 INFO    Thread-16 (_transcribe) whisper transcribe done in 1.5s
2026-09-29 18:25:12,617 INFO    MainThread   named composer not unique (0 visible); trying focused field
2026-09-29 18:25:12,699 INFO    MainThread   named composer not unique (0 visible); trying focused field
2026-09-29 18:25:12,783 INFO    MainThread   named composer not unique (0 visible); trying focused field
2026-09-29 18:25:12,866 INFO    MainThread   named composer not unique (0 visible); trying focused field
2026-09-29 18:25:12,942 WARNING MainThread   No verifiable text field found for hwnd=66912
2026-09-29 18:25:12,942 INFO    MainThread   delivery-time text target retry: verified_field=False
2026-09-29 18:25:13,204 INFO    MainThread   dsh clipboard fallback paste: ok=True method=paste words=37
2026-09-29 18:25:13,515 INFO    MainThread   dsh fallback submit: enter=True words=37
2026-09-29 18:27:25,085 INFO    MainThread   named composer not unique (0 visible); trying focused field
2026-09-29 18:27:25,168 INFO    MainThread   named composer not unique (0 visible); trying focused field
2026-09-29 18:27:25,251 INFO    MainThread   named composer not unique (0 visible); trying focused field
2026-09-29 18:27:25,335 INFO    MainThread   named composer not unique (0 visible); trying focused field
2026-09-29 18:27:25,411 WARNING MainThread   No verifiable text field found for hwnd=66912
2026-09-29 18:27:25,411 INFO    MainThread   captured text target: window="Mum's Land Folder Setup — DeepSeek Harness - Neo" field=None verified_field=False
2026-09-29 18:27:37,484 INFO    Thread-17 (_transcribe) transcribe worker started: 11.5s clip, engine=whisper
2026-09-29 18:27:37,487 INFO    Thread-17 (_transcribe) whisper transcribe start: 11.5s of audio
2026-09-29 18:27:38,803 INFO    Thread-17 (_transcribe) whisper transcribe done in 1.3s
2026-09-29 18:27:38,878 INFO    MainThread   named composer not unique (0 visible); trying focused field
2026-09-29 18:27:38,961 INFO    MainThread   named composer not unique (0 visible); trying focused field
2026-09-29 18:27:39,044 INFO    MainThread   named composer not unique (0 visible); trying focused field
2026-09-29 18:27:39,127 INFO    MainThread   named composer not unique (0 visible); trying focused field
2026-09-29 18:27:39,202 WARNING MainThread   No verifiable text field found for hwnd=66912
2026-09-29 18:27:39,202 INFO    MainThread   delivery-time text target retry: verified_field=False
2026-09-29 18:27:39,464 INFO    MainThread   dsh clipboard fallback paste: ok=True method=paste words=13
2026-09-29 18:27:39,775 INFO    MainThread   dsh fallback submit: enter=True words=13
2026-09-29 18:29:00,982 INFO    MainThread   named composer not unique (0 visible); trying focused field
2026-09-29 18:29:01,065 INFO    MainThread   named composer not unique (0 visible); trying focused field
2026-09-29 18:29:01,148 INFO    MainThread   named composer not unique (0 visible); trying focused field
2026-09-29 18:29:01,234 INFO    MainThread   named composer not unique (0 visible); trying focused field
2026-09-29 18:29:01,311 WARNING MainThread   No verifiable text field found for hwnd=66912
2026-09-29 18:29:01,311 INFO    MainThread   captured text target: window="Mum's Land Folder Setup — DeepSeek Harness - Neo" field=None verified_field=False
2026-09-29 18:29:10,328 INFO    Thread-18 (_transcribe) transcribe worker started: 8.5s clip, engine=whisper
2026-09-29 18:29:10,330 INFO    Thread-18 (_transcribe) whisper transcribe start: 8.5s of audio
2026-09-29 18:29:11,556 INFO    Thread-18 (_transcribe) whisper transcribe done in 1.2s
2026-09-29 18:29:11,617 INFO    MainThread   named composer not unique (0 visible); trying focused field
2026-09-29 18:29:11,699 INFO    MainThread   named composer not unique (0 visible); trying focused field
2026-09-29 18:29:11,781 INFO    MainThread   named composer not unique (0 visible); trying focused field
2026-09-29 18:29:11,866 INFO    MainThread   named composer not unique (0 visible); trying focused field
2026-09-29 18:29:11,942 WARNING MainThread   No verifiable text field found for hwnd=66912
2026-09-29 18:29:11,942 INFO    MainThread   delivery-time text target retry: verified_field=False
2026-09-29 18:29:12,204 INFO    MainThread   dsh clipboard fallback paste: ok=True method=paste words=13
2026-09-29 18:29:12,514 INFO    MainThread   dsh fallback submit: enter=True words=13
2026-09-29 18:32:38,127 INFO    MainThread   named composer not unique (0 visible); trying focused field
2026-09-29 18:32:38,212 INFO    MainThread   named composer not unique (0 visible); trying focused field
2026-09-29 18:32:38,299 INFO    MainThread   named composer not unique (0 visible); trying focused field
2026-09-29 18:32:38,382 INFO    MainThread   named composer not unique (0 visible); trying focused field
2026-09-29 18:32:38,458 WARNING MainThread   No verifiable text field found for hwnd=66912
2026-09-29 18:32:38,458 INFO    MainThread   captured text target: window="Mum's Land Folder Setup — DeepSeek Harness - Neo" field=None verified_field=False
2026-09-29 18:33:28,067 INFO    Thread-19 (_transcribe) transcribe worker started: 49.1s clip, engine=whisper
2026-09-29 18:33:28,072 INFO    Thread-19 (_transcribe) whisper transcribe start: 49.1s of audio
2026-09-29 18:33:30,211 INFO    Thread-19 (_transcribe) whisper transcribe done in 2.1s
2026-09-29 18:33:30,313 INFO    MainThread   named composer not unique (0 visible); trying focused field
2026-09-29 18:33:30,396 INFO    MainThread   named composer not unique (0 visible); trying focused field
2026-09-29 18:33:30,480 INFO    MainThread   named composer not unique (0 visible); trying focused field
2026-09-29 18:33:30,562 INFO    MainThread   named composer not unique (0 visible); trying focused field
2026-09-29 18:33:30,639 WARNING MainThread   No verifiable text field found for hwnd=66912
2026-09-29 18:33:30,639 INFO    MainThread   delivery-time text target retry: verified_field=False
2026-09-29 18:33:30,901 INFO    MainThread   dsh clipboard fallback paste: ok=True method=paste words=78
2026-09-29 18:33:31,212 INFO    MainThread   dsh fallback submit: enter=True words=78
2026-09-29 18:33:58,863 INFO    MainThread   named composer not unique (0 visible); trying focused field
2026-09-29 18:33:58,944 INFO    MainThread   named composer not unique (0 visible); trying focused field
2026-09-29 18:33:59,027 INFO    MainThread   named composer not unique (0 visible); trying focused field
2026-09-29 18:33:59,110 INFO    MainThread   named composer not unique (0 visible); trying focused field
2026-09-29 18:33:59,186 WARNING MainThread   No verifiable text field found for hwnd=66912
2026-09-29 18:33:59,186 INFO    MainThread   captured text target: window="Mum's Land Folder Setup — DeepSeek Harness - Neo" field=None verified_field=False
2026-09-29 18:34:08,643 INFO    Thread-20 (_transcribe) transcribe worker started: 8.9s clip, engine=whisper
2026-09-29 18:34:08,646 INFO    Thread-20 (_transcribe) whisper transcribe start: 8.9s of audio
2026-09-29 18:34:09,910 INFO    Thread-20 (_transcribe) whisper transcribe done in 1.3s
2026-09-29 18:34:09,945 INFO    MainThread   named composer not unique (0 visible); trying focused field
2026-09-29 18:34:10,028 INFO    MainThread   named composer not unique (0 visible); trying focused field
2026-09-29 18:34:10,111 INFO    MainThread   named composer not unique (0 visible); trying focused field
2026-09-29 18:34:10,194 INFO    MainThread   named composer not unique (0 visible); trying focused field
2026-09-29 18:34:10,271 WARNING MainThread   No verifiable text field found for hwnd=66912
2026-09-29 18:34:10,271 INFO    MainThread   delivery-time text target retry: verified_field=False
2026-09-29 18:34:10,538 INFO    MainThread   dsh clipboard fallback paste: ok=True method=paste words=19
2026-09-29 18:34:10,855 INFO    MainThread   dsh fallback submit: enter=True words=19
2026-09-29 18:35:56,892 INFO    MainThread   named composer not unique (0 visible); trying focused field
2026-09-29 18:35:56,975 INFO    MainThread   named composer not unique (0 visible); trying focused field
2026-09-29 18:35:57,058 INFO    MainThread   named composer not unique (0 visible); trying focused field
2026-09-29 18:35:57,142 INFO    MainThread   named composer not unique (0 visible); trying focused field
2026-09-29 18:35:57,219 WARNING MainThread   No verifiable text field found for hwnd=66912
2026-09-29 18:35:57,219 INFO    MainThread   captured text target: window="Mum's Land Folder Setup — DeepSeek Harness - Neo" field=None verified_field=False
2026-09-29 18:36:04,123 INFO    Thread-21 (_transcribe) transcribe worker started: 6.4s clip, engine=whisper
2026-09-29 18:36:04,125 INFO    Thread-21 (_transcribe) whisper transcribe start: 6.4s of audio
2026-09-29 18:36:05,419 INFO    Thread-21 (_transcribe) whisper transcribe done in 1.3s
2026-09-29 18:36:05,515 INFO    MainThread   named composer not unique (0 visible); trying focused field
2026-09-29 18:36:05,598 INFO    MainThread   named composer not unique (0 visible); trying focused field
2026-09-29 18:36:05,681 INFO    MainThread   named composer not unique (0 visible); trying focused field
2026-09-29 18:36:05,763 INFO    MainThread   named composer not unique (0 visible); trying focused field
2026-09-29 18:36:05,840 WARNING MainThread   No verifiable text field found for hwnd=66912
2026-09-29 18:36:05,840 INFO    MainThread   delivery-time text target retry: verified_field=False
2026-09-29 18:36:06,102 INFO    MainThread   dsh clipboard fallback paste: ok=True method=paste words=12
2026-09-29 18:36:06,413 INFO    MainThread   dsh fallback submit: enter=True words=12
2026-09-29 18:36:53,288 INFO    MainThread   named composer not unique (0 visible); trying focused field
2026-09-29 18:36:53,373 INFO    MainThread   named composer not unique (0 visible); trying focused field
2026-09-29 18:36:53,456 INFO    MainThread   named composer not unique (0 visible); trying focused field
2026-09-29 18:36:53,540 INFO    MainThread   named composer not unique (0 visible); trying focused field
2026-09-29 18:36:53,616 WARNING MainThread   No verifiable text field found for hwnd=66912
2026-09-29 18:36:53,616 INFO    MainThread   captured text target: window="Mum's Land Folder Setup — DeepSeek Harness - Neo" field=None verified_field=False
2026-09-29 18:37:06,734 INFO    Thread-22 (_transcribe) transcribe worker started: 12.6s clip, engine=whisper
2026-09-29 18:37:06,737 INFO    Thread-22 (_transcribe) whisper transcribe start: 12.6s of audio
2026-09-29 18:37:08,005 INFO    Thread-22 (_transcribe) whisper transcribe done in 1.3s
2026-09-29 18:37:08,037 INFO    MainThread   named composer not unique (0 visible); trying focused field
2026-09-29 18:37:08,121 INFO    MainThread   named composer not unique (0 visible); trying focused field
2026-09-29 18:37:08,205 INFO    MainThread   named composer not unique (0 visible); trying focused field
2026-09-29 18:37:08,287 INFO    MainThread   named composer not unique (0 visible); trying focused field
2026-09-29 18:37:08,363 WARNING MainThread   No verifiable text field found for hwnd=66912
2026-09-29 18:37:08,363 INFO    MainThread   delivery-time text target retry: verified_field=False
2026-09-29 18:37:08,626 INFO    MainThread   dsh clipboard fallback paste: ok=True method=paste words=13
2026-09-29 18:37:08,936 INFO    MainThread   dsh fallback submit: enter=True words=13
2026-09-29 18:38:03,036 INFO    MainThread   named composer not unique (0 visible); trying focused field
2026-09-29 18:38:03,118 INFO    MainThread   named composer not unique (0 visible); trying focused field
2026-09-29 18:38:03,201 INFO    MainThread   named composer not unique (0 visible); trying focused field
2026-09-29 18:38:03,282 INFO    MainThread   named composer not unique (0 visible); trying focused field
2026-09-29 18:38:03,358 WARNING MainThread   No verifiable text field found for hwnd=66912
2026-09-29 18:38:03,358 INFO    MainThread   captured text target: window="Mum's Land Folder Setup — DeepSeek Harness - Neo" field=None verified_field=False
2026-09-29 18:39:02,950 INFO    Thread-23 (_transcribe) transcribe worker started: 59.1s clip, engine=whisper
2026-09-29 18:39:02,956 INFO    Thread-23 (_transcribe) whisper transcribe start: 59.1s of audio
2026-09-29 18:39:05,062 INFO    Thread-23 (_transcribe) whisper transcribe done in 2.1s
2026-09-29 18:39:05,110 INFO    MainThread   named composer not unique (0 visible); trying focused field
2026-09-29 18:39:05,194 INFO    MainThread   named composer not unique (0 visible); trying focused field
2026-09-29 18:39:05,275 INFO    MainThread   named composer not unique (0 visible); trying focused field
2026-09-29 18:39:05,359 INFO    MainThread   named composer not unique (0 visible); trying focused field
2026-09-29 18:39:05,435 WARNING MainThread   No verifiable text field found for hwnd=66912
2026-09-29 18:39:05,435 INFO    MainThread   delivery-time text target retry: verified_field=False
2026-09-29 18:39:05,697 INFO    MainThread   dsh clipboard fallback paste: ok=True method=paste words=64
2026-09-29 18:39:06,009 INFO    MainThread   dsh fallback submit: enter=True words=64
2026-09-29 18:41:02,161 INFO    MainThread   named composer not unique (0 visible); trying focused field
2026-09-29 18:41:02,245 INFO    MainThread   named composer not unique (0 visible); trying focused field
2026-09-29 18:41:02,328 INFO    MainThread   named composer not unique (0 visible); trying focused field
2026-09-29 18:41:02,411 INFO    MainThread   named composer not unique (0 visible); trying focused field
2026-09-29 18:41:02,488 WARNING MainThread   No verifiable text field found for hwnd=66912
2026-09-29 18:41:02,488 INFO    MainThread   captured text target: window="Mum's Land Folder Setup — DeepSeek Harness - Neo" field=None verified_field=False
2026-09-29 18:41:38,029 INFO    Thread-24 (_transcribe) transcribe worker started: 35.0s clip, engine=whisper
2026-09-29 18:41:38,032 INFO    Thread-24 (_transcribe) whisper transcribe start: 35.0s of audio
2026-09-29 18:41:39,960 INFO    Thread-24 (_transcribe) whisper transcribe done in 1.9s
2026-09-29 18:41:39,992 INFO    MainThread   named composer not unique (0 visible); trying focused field
2026-09-29 18:41:40,073 INFO    MainThread   named composer not unique (0 visible); trying focused field
2026-09-29 18:41:40,155 INFO    MainThread   named composer not unique (0 visible); trying focused field
2026-09-29 18:41:40,237 INFO    MainThread   named composer not unique (0 visible); trying focused field
2026-09-29 18:41:40,313 WARNING MainThread   No verifiable text field found for hwnd=66912
2026-09-29 18:41:40,313 INFO    MainThread   delivery-time text target retry: verified_field=False
2026-09-29 18:41:40,576 INFO    MainThread   dsh clipboard fallback paste: ok=True method=paste words=44
2026-09-29 18:41:40,887 INFO    MainThread   dsh fallback submit: enter=True words=44
2026-09-29 18:43:06,444 INFO    MainThread   named composer not unique (0 visible); trying focused field
2026-09-29 18:43:06,528 INFO    MainThread   named composer not unique (0 visible); trying focused field
2026-09-29 18:43:06,612 INFO    MainThread   named composer not unique (0 visible); trying focused field
2026-09-29 18:43:06,696 INFO    MainThread   named composer not unique (0 visible); trying focused field
2026-09-29 18:43:06,773 WARNING MainThread   No verifiable text field found for hwnd=66912
2026-09-29 18:43:06,773 INFO    MainThread   captured text target: window="Mum's Land Folder Setup — DeepSeek Harness - Neo" field=None verified_field=False
2026-09-29 18:43:09,720 INFO    Thread-25 (_transcribe) transcribe worker started: 2.6s clip, engine=whisper
2026-09-29 18:43:09,721 INFO    Thread-25 (_transcribe) whisper transcribe start: 2.6s of audio
2026-09-29 18:43:10,871 INFO    Thread-25 (_transcribe) whisper transcribe done in 1.1s
2026-09-29 18:43:10,922 INFO    MainThread   named composer not unique (0 visible); trying focused field
2026-09-29 18:43:11,004 INFO    MainThread   named composer not unique (0 visible); trying focused field
2026-09-29 18:43:11,089 INFO    MainThread   named composer not unique (0 visible); trying focused field
2026-09-29 18:43:11,172 INFO    MainThread   named composer not unique (0 visible); trying focused field
2026-09-29 18:43:11,249 WARNING MainThread   No verifiable text field found for hwnd=66912
2026-09-29 18:43:11,249 INFO    MainThread   delivery-time text target retry: verified_field=False
2026-09-29 18:43:11,510 INFO    MainThread   dsh clipboard fallback paste: ok=True method=paste words=5
2026-09-29 18:43:11,821 INFO    MainThread   dsh fallback submit: enter=True words=5
2026-09-29 18:43:56,016 INFO    MainThread   named composer not unique (0 visible); trying focused field
2026-09-29 18:43:56,098 INFO    MainThread   named composer not unique (0 visible); trying focused field
2026-09-29 18:43:56,179 INFO    MainThread   named composer not unique (0 visible); trying focused field
2026-09-29 18:43:56,261 INFO    MainThread   named composer not unique (0 visible); trying focused field
2026-09-29 18:43:56,337 WARNING MainThread   No verifiable text field found for hwnd=66912
2026-09-29 18:43:56,337 INFO    MainThread   captured text target: window="Mum's Land Folder Setup — DeepSeek Harness - Neo" field=None verified_field=False
2026-09-29 18:44:08,415 INFO    Thread-26 (_transcribe) transcribe worker started: 11.7s clip, engine=whisper
2026-09-29 18:44:08,418 INFO    Thread-26 (_transcribe) whisper transcribe start: 11.7s of audio
2026-09-29 18:44:09,693 INFO    Thread-26 (_transcribe) whisper transcribe done in 1.3s
2026-09-29 18:44:09,725 INFO    MainThread   named composer not unique (0 visible); trying focused field
2026-09-29 18:44:09,809 INFO    MainThread   named composer not unique (0 visible); trying focused field
2026-09-29 18:44:09,891 INFO    MainThread   named composer not unique (0 visible); trying focused field
2026-09-29 18:44:09,974 INFO    MainThread   named composer not unique (0 visible); trying focused field
2026-09-29 18:44:10,051 WARNING MainThread   No verifiable text field found for hwnd=66912
2026-09-29 18:44:10,051 INFO    MainThread   delivery-time text target retry: verified_field=False
2026-09-29 18:44:10,312 INFO    MainThread   dsh clipboard fallback paste: ok=True method=paste words=21
2026-09-29 18:44:10,623 INFO    MainThread   dsh fallback submit: enter=True words=21
2026-09-29 18:45:35,288 INFO    MainThread   named composer not unique (0 visible); trying focused field
2026-09-29 18:45:35,375 INFO    MainThread   named composer not unique (0 visible); trying focused field
2026-09-29 18:45:35,459 INFO    MainThread   named composer not unique (0 visible); trying focused field
2026-09-29 18:45:35,548 INFO    MainThread   named composer not unique (0 visible); trying focused field
2026-09-29 18:45:35,625 WARNING MainThread   No verifiable text field found for hwnd=66912
2026-09-29 18:45:35,625 INFO    MainThread   captured text target: window="Mum's Land Folder Setup — DeepSeek Harness - Neo" field=None verified_field=False
2026-09-29 18:45:52,164 INFO    Thread-27 (_transcribe) transcribe worker started: 16.1s clip, engine=whisper
2026-09-29 18:45:52,167 INFO    Thread-27 (_transcribe) whisper transcribe start: 16.1s of audio
2026-09-29 18:45:53,491 INFO    Thread-27 (_transcribe) whisper transcribe done in 1.3s
2026-09-29 18:45:53,565 INFO    MainThread   named composer not unique (0 visible); trying focused field
2026-09-29 18:45:53,648 INFO    MainThread   named composer not unique (0 visible); trying focused field
2026-09-29 18:45:53,730 INFO    MainThread   named composer not unique (0 visible); trying focused field
2026-09-29 18:45:53,813 INFO    MainThread   named composer not unique (0 visible); trying focused field
2026-09-29 18:45:53,889 WARNING MainThread   No verifiable text field found for hwnd=66912
2026-09-29 18:45:53,889 INFO    MainThread   delivery-time text target retry: verified_field=False
2026-09-29 18:45:54,152 INFO    MainThread   dsh clipboard fallback paste: ok=True method=paste words=20
2026-09-29 18:45:54,463 INFO    MainThread   dsh fallback submit: enter=True words=20
2026-09-29 18:46:37,921 INFO    MainThread   named composer not unique (0 visible); trying focused field
2026-09-29 18:46:38,004 INFO    MainThread   named composer not unique (0 visible); trying focused field
2026-09-29 18:46:38,088 INFO    MainThread   named composer not unique (0 visible); trying focused field
2026-09-29 18:46:38,170 INFO    MainThread   named composer not unique (0 visible); trying focused field
2026-09-29 18:46:38,246 WARNING MainThread   No verifiable text field found for hwnd=66912
2026-09-29 18:46:38,246 INFO    MainThread   captured text target: window="Mum's Land Folder Setup — DeepSeek Harness - Neo" field=None verified_field=False
2026-09-29 18:46:45,888 INFO    Thread-28 (_transcribe) transcribe worker started: 7.3s clip, engine=whisper
2026-09-29 18:46:45,890 INFO    Thread-28 (_transcribe) whisper transcribe start: 7.3s of audio
2026-09-29 18:46:47,186 INFO    Thread-28 (_transcribe) whisper transcribe done in 1.3s
2026-09-29 18:46:47,252 INFO    MainThread   named composer not unique (0 visible); trying focused field
2026-09-29 18:46:47,334 INFO    MainThread   named composer not unique (0 visible); trying focused field
2026-09-29 18:46:47,416 INFO    MainThread   named composer not unique (0 visible); trying focused field
2026-09-29 18:46:47,499 INFO    MainThread   named composer not unique (0 visible); trying focused field
2026-09-29 18:46:47,575 WARNING MainThread   No verifiable text field found for hwnd=66912
2026-09-29 18:46:47,575 INFO    MainThread   delivery-time text target retry: verified_field=False
2026-09-29 18:46:47,837 INFO    MainThread   dsh clipboard fallback paste: ok=True method=paste words=6
2026-09-29 18:46:48,148 INFO    MainThread   dsh fallback submit: enter=True words=6
2026-09-29 18:48:07,384 INFO    MainThread   named composer not unique (0 visible); trying focused field
2026-09-29 18:48:07,466 INFO    MainThread   named composer not unique (0 visible); trying focused field
2026-09-29 18:48:07,549 INFO    MainThread   named composer not unique (0 visible); trying focused field
2026-09-29 18:48:07,631 INFO    MainThread   named composer not unique (0 visible); trying focused field
2026-09-29 18:48:07,708 WARNING MainThread   No verifiable text field found for hwnd=66912
2026-09-29 18:48:07,708 INFO    MainThread   captured text target: window="Mum's Land Folder Setup — DeepSeek Harness - Neo" field=None verified_field=False
2026-09-29 18:48:37,467 INFO    Thread-29 (_transcribe) transcribe worker started: 29.2s clip, engine=whisper
2026-09-29 18:48:37,471 INFO    Thread-29 (_transcribe) whisper transcribe start: 29.2s of audio
2026-09-29 18:48:38,953 INFO    Thread-29 (_transcribe) whisper transcribe done in 1.5s
2026-09-29 18:48:38,973 INFO    MainThread   named composer not unique (0 visible); trying focused field
2026-09-29 18:48:39,054 INFO    MainThread   named composer not unique (0 visible); trying focused field
2026-09-29 18:48:39,137 INFO    MainThread   named composer not unique (0 visible); trying focused field
2026-09-29 18:48:39,220 INFO    MainThread   named composer not unique (0 visible); trying focused field
2026-09-29 18:48:39,296 WARNING MainThread   No verifiable text field found for hwnd=66912
2026-09-29 18:48:39,296 INFO    MainThread   delivery-time text target retry: verified_field=False
2026-09-29 18:48:39,559 INFO    MainThread   dsh clipboard fallback paste: ok=True method=paste words=47
2026-09-29 18:48:39,870 INFO    MainThread   dsh fallback submit: enter=True words=47
2026-09-29 18:49:52,864 INFO    MainThread   named composer not unique (0 visible); trying focused field
2026-09-29 18:49:52,947 INFO    MainThread   named composer not unique (0 visible); trying focused field
2026-09-29 18:49:53,030 INFO    MainThread   named composer not unique (0 visible); trying focused field
2026-09-29 18:49:53,114 INFO    MainThread   named composer not unique (0 visible); trying focused field
2026-09-29 18:49:53,191 WARNING MainThread   No verifiable text field found for hwnd=66912
2026-09-29 18:49:53,191 INFO    MainThread   captured text target: window="Mum's Land Folder Setup — DeepSeek Harness - Neo" field=None verified_field=False
2026-09-29 18:50:15,421 INFO    Thread-30 (_transcribe) transcribe worker started: 21.7s clip, engine=whisper
2026-09-29 18:50:15,425 INFO    Thread-30 (_transcribe) whisper transcribe start: 21.7s of audio
2026-09-29 18:50:16,848 INFO    Thread-30 (_transcribe) whisper transcribe done in 1.4s
2026-09-29 18:50:16,921 INFO    MainThread   named composer not unique (0 visible); trying focused field
2026-09-29 18:50:17,005 INFO    MainThread   named composer not unique (0 visible); trying focused field
2026-09-29 18:50:17,087 INFO    MainThread   named composer not unique (0 visible); trying focused field
2026-09-29 18:50:17,169 INFO    MainThread   named composer not unique (0 visible); trying focused field
2026-09-29 18:50:17,246 WARNING MainThread   No verifiable text field found for hwnd=66912
2026-09-29 18:50:17,246 INFO    MainThread   delivery-time text target retry: verified_field=False
2026-09-29 18:50:17,507 INFO    MainThread   dsh clipboard fallback paste: ok=True method=paste words=31
2026-09-29 18:50:17,818 INFO    MainThread   dsh fallback submit: enter=True words=31
2026-09-29 18:50:57,184 INFO    MainThread   named composer not unique (0 visible); trying focused field
2026-09-29 18:50:57,266 INFO    MainThread   named composer not unique (0 visible); trying focused field
2026-09-29 18:50:57,348 INFO    MainThread   named composer not unique (0 visible); trying focused field
2026-09-29 18:50:57,430 INFO    MainThread   named composer not unique (0 visible); trying focused field
2026-09-29 18:50:57,506 WARNING MainThread   No verifiable text field found for hwnd=66912
2026-09-29 18:50:57,506 INFO    MainThread   captured text target: window="Mum's Land Folder Setup — DeepSeek Harness - Neo" field=None verified_field=False
2026-09-29 18:51:37,752 INFO    Thread-31 (_transcribe) transcribe worker started: 39.8s clip, engine=whisper
2026-09-29 18:51:37,756 INFO    Thread-31 (_transcribe) whisper transcribe start: 39.8s of audio
2026-09-29 18:51:39,825 INFO    Thread-31 (_transcribe) whisper transcribe done in 2.1s
2026-09-29 18:51:39,841 INFO    MainThread   named composer not unique (0 visible); trying focused field
2026-09-29 18:51:39,924 INFO    MainThread   named composer not unique (0 visible); trying focused field
2026-09-29 18:51:40,007 INFO    MainThread   named composer not unique (0 visible); trying focused field
2026-09-29 18:51:40,092 INFO    MainThread   named composer not unique (0 visible); trying focused field
2026-09-29 18:51:40,168 WARNING MainThread   No verifiable text field found for hwnd=66912
2026-09-29 18:51:40,168 INFO    MainThread   delivery-time text target retry: verified_field=False
2026-09-29 18:51:40,430 INFO    MainThread   dsh clipboard fallback paste: ok=True method=paste words=70
2026-09-29 18:51:40,742 INFO    MainThread   dsh fallback submit: enter=True words=70
2026-09-29 18:52:29,274 INFO    MainThread   named composer not unique (0 visible); trying focused field
2026-09-29 18:52:29,358 INFO    MainThread   named composer not unique (0 visible); trying focused field
2026-09-29 18:52:29,443 INFO    MainThread   named composer not unique (0 visible); trying focused field
2026-09-29 18:52:29,527 INFO    MainThread   named composer not unique (0 visible); trying focused field
2026-09-29 18:52:29,603 WARNING MainThread   No verifiable text field found for hwnd=66912
2026-09-29 18:52:29,603 INFO    MainThread   captured text target: window="Mum's Land Folder Setup — DeepSeek Harness - Neo" field=None verified_field=False
2026-09-29 18:52:36,156 INFO    Thread-32 (_transcribe) transcribe worker started: 6.1s clip, engine=whisper
2026-09-29 18:52:36,159 INFO    Thread-32 (_transcribe) whisper transcribe start: 6.1s of audio
2026-09-29 18:52:37,501 INFO    Thread-32 (_transcribe) whisper transcribe done in 1.3s
2026-09-29 18:52:37,564 INFO    MainThread   named composer not unique (0 visible); trying focused field
2026-09-29 18:52:37,645 INFO    MainThread   named composer not unique (0 visible); trying focused field
2026-09-29 18:52:37,727 INFO    MainThread   named composer not unique (0 visible); trying focused field
2026-09-29 18:52:37,810 INFO    MainThread   named composer not unique (0 visible); trying focused field
2026-09-29 18:52:37,887 WARNING MainThread   No verifiable text field found for hwnd=66912
2026-09-29 18:52:37,887 INFO    MainThread   delivery-time text target retry: verified_field=False
2026-09-29 18:52:38,149 INFO    MainThread   dsh clipboard fallback paste: ok=True method=paste words=11
2026-09-29 18:52:38,460 INFO    MainThread   dsh fallback submit: enter=True words=11
2026-09-29 18:53:03,391 INFO    MainThread   named composer not unique (0 visible); trying focused field
2026-09-29 18:53:03,475 INFO    MainThread   named composer not unique (0 visible); trying focused field
2026-09-29 18:53:03,558 INFO    MainThread   named composer not unique (0 visible); trying focused field
2026-09-29 18:53:03,641 INFO    MainThread   named composer not unique (0 visible); trying focused field
2026-09-29 18:53:03,718 WARNING MainThread   No verifiable text field found for hwnd=66912
2026-09-29 18:53:03,718 INFO    MainThread   captured text target: window="Mum's Land Folder Setup — DeepSeek Harness - Neo" field=None verified_field=False
2026-09-29 18:53:08,051 INFO    Thread-33 (_transcribe) transcribe worker started: 3.8s clip, engine=whisper
2026-09-29 18:53:08,053 INFO    Thread-33 (_transcribe) whisper transcribe start: 3.8s of audio
2026-09-29 18:53:09,288 INFO    Thread-33 (_transcribe) whisper transcribe done in 1.2s
2026-09-29 18:53:09,368 INFO    MainThread   named composer not unique (0 visible); trying focused field
2026-09-29 18:53:09,452 INFO    MainThread   named composer not unique (0 visible); trying focused field
2026-09-29 18:53:09,536 INFO    MainThread   named composer not unique (0 visible); trying focused field
2026-09-29 18:53:09,620 INFO    MainThread   named composer not unique (0 visible); trying focused field
2026-09-29 18:53:09,696 WARNING MainThread   No verifiable text field found for hwnd=66912
2026-09-29 18:53:09,696 INFO    MainThread   delivery-time text target retry: verified_field=False
2026-09-29 18:53:09,959 INFO    MainThread   dsh clipboard fallback paste: ok=True method=paste words=8
2026-09-29 18:53:10,269 INFO    MainThread   dsh fallback submit: enter=True words=8
2026-09-29 18:55:58,247 INFO    MainThread   named composer not unique (0 visible); trying focused field
2026-09-29 18:55:58,330 INFO    MainThread   named composer not unique (0 visible); trying focused field
2026-09-29 18:55:58,413 INFO    MainThread   named composer not unique (0 visible); trying focused field
2026-09-29 18:55:58,496 INFO    MainThread   named composer not unique (0 visible); trying focused field
2026-09-29 18:55:58,573 WARNING MainThread   No verifiable text field found for hwnd=66912
2026-09-29 18:55:58,573 INFO    MainThread   captured text target: window="Mum's Land Folder Setup — DeepSeek Harness - Neo" field=None verified_field=False
2026-09-29 18:56:31,131 INFO    Thread-34 (_transcribe) transcribe worker started: 32.0s clip, engine=whisper
2026-09-29 18:56:31,136 INFO    Thread-34 (_transcribe) whisper transcribe start: 32.0s of audio
2026-09-29 18:56:32,598 INFO    Thread-34 (_transcribe) whisper transcribe done in 1.5s
2026-09-29 18:56:32,659 INFO    MainThread   named composer not unique (0 visible); trying focused field
2026-09-29 18:56:32,745 INFO    MainThread   named composer not unique (0 visible); trying focused field
2026-09-29 18:56:32,827 INFO    MainThread   named composer not unique (0 visible); trying focused field
2026-09-29 18:56:32,913 INFO    MainThread   named composer not unique (0 visible); trying focused field
2026-09-29 18:56:32,990 WARNING MainThread   No verifiable text field found for hwnd=66912
2026-09-29 18:56:32,990 INFO    MainThread   delivery-time text target retry: verified_field=False
2026-09-29 18:56:33,252 INFO    MainThread   dsh clipboard fallback paste: ok=True method=paste words=43
2026-09-29 18:56:33,563 INFO    MainThread   dsh fallback submit: enter=True words=43
2026-09-29 18:57:45,664 INFO    MainThread   named composer not unique (0 visible); trying focused field
2026-09-29 18:57:45,746 INFO    MainThread   named composer not unique (0 visible); trying focused field
2026-09-29 18:57:45,826 INFO    MainThread   named composer not unique (0 visible); trying focused field
2026-09-29 18:57:45,909 INFO    MainThread   named composer not unique (0 visible); trying focused field
2026-09-29 18:57:45,985 WARNING MainThread   No verifiable text field found for hwnd=66912
2026-09-29 18:57:45,985 INFO    MainThread   captured text target: window="Mum's Land Folder Setup — DeepSeek Harness - Neo" field=None verified_field=False
2026-09-29 18:57:49,118 INFO    Thread-35 (_transcribe) transcribe worker started: 2.6s clip, engine=whisper
2026-09-29 18:57:49,121 INFO    Thread-35 (_transcribe) whisper transcribe start: 2.6s of audio
2026-09-29 18:57:50,367 INFO    Thread-35 (_transcribe) whisper transcribe done in 1.2s
2026-09-29 18:57:50,443 INFO    MainThread   named composer not unique (0 visible); trying focused field
2026-09-29 18:57:50,525 INFO    MainThread   named composer not unique (0 visible); trying focused field
2026-09-29 18:57:50,606 INFO    MainThread   named composer not unique (0 visible); trying focused field
2026-09-29 18:57:50,689 INFO    MainThread   named composer not unique (0 visible); trying focused field
2026-09-29 18:57:50,765 WARNING MainThread   No verifiable text field found for hwnd=66912
2026-09-29 18:57:50,765 INFO    MainThread   delivery-time text target retry: verified_field=False
2026-09-29 18:57:51,028 INFO    MainThread   dsh clipboard fallback paste: ok=True method=paste words=4
2026-09-29 18:57:51,339 INFO    MainThread   dsh fallback submit: enter=True words=4
2026-09-29 19:00:13,044 INFO    MainThread   named composer not unique (0 visible); trying focused field
2026-09-29 19:00:13,127 INFO    MainThread   named composer not unique (0 visible); trying focused field
2026-09-29 19:00:13,209 INFO    MainThread   named composer not unique (0 visible); trying focused field
2026-09-29 19:00:13,292 INFO    MainThread   named composer not unique (0 visible); trying focused field
2026-09-29 19:00:13,368 WARNING MainThread   No verifiable text field found for hwnd=66912
2026-09-29 19:00:13,368 INFO    MainThread   captured text target: window="Mum's Land Folder Setup — DeepSeek Harness - Neo" field=None verified_field=False
2026-09-29 19:00:34,509 INFO    Thread-36 (_transcribe) transcribe worker started: 20.6s clip, engine=whisper
2026-09-29 19:00:34,513 INFO    Thread-36 (_transcribe) whisper transcribe start: 20.6s of audio
2026-09-29 19:00:35,806 INFO    Thread-36 (_transcribe) whisper transcribe done in 1.3s
2026-09-29 19:00:35,831 INFO    MainThread   named composer not unique (0 visible); trying focused field
2026-09-29 19:00:35,914 INFO    MainThread   named composer not unique (0 visible); trying focused field
2026-09-29 19:00:35,996 INFO    MainThread   named composer not unique (0 visible); trying focused field
2026-09-29 19:00:36,081 INFO    MainThread   named composer not unique (0 visible); trying focused field
2026-09-29 19:00:36,156 WARNING MainThread   No verifiable text field found for hwnd=66912
2026-09-29 19:00:36,156 INFO    MainThread   delivery-time text target retry: verified_field=False
2026-09-29 19:00:36,418 INFO    MainThread   dsh clipboard fallback paste: ok=True method=paste words=20
2026-09-29 19:00:36,729 INFO    MainThread   dsh fallback submit: enter=True words=20
2026-09-29 19:03:02,751 INFO    MainThread   named composer not unique (0 visible); trying focused field
2026-09-29 19:03:02,834 INFO    MainThread   named composer not unique (0 visible); trying focused field
2026-09-29 19:03:02,919 INFO    MainThread   named composer not unique (0 visible); trying focused field
2026-09-29 19:03:03,002 INFO    MainThread   named composer not unique (0 visible); trying focused field
2026-09-29 19:03:03,078 WARNING MainThread   No verifiable text field found for hwnd=66912
2026-09-29 19:03:03,078 INFO    MainThread   captured text target: window="Mum's Land Folder Setup — DeepSeek Harness - Neo" field=None verified_field=False
2026-09-29 19:03:10,515 INFO    Thread-37 (_transcribe) transcribe worker started: 6.9s clip, engine=whisper
2026-09-29 19:03:10,517 INFO    Thread-37 (_transcribe) whisper transcribe start: 6.9s of audio
2026-09-29 19:03:11,724 INFO    Thread-37 (_transcribe) whisper transcribe done in 1.2s
2026-09-29 19:03:11,800 INFO    MainThread   named composer not unique (0 visible); trying focused field
2026-09-29 19:03:11,884 INFO    MainThread   named composer not unique (0 visible); trying focused field
2026-09-29 19:03:11,967 INFO    MainThread   named composer not unique (0 visible); trying focused field
2026-09-29 19:03:12,050 INFO    MainThread   named composer not unique (0 visible); trying focused field
2026-09-29 19:03:12,126 WARNING MainThread   No verifiable text field found for hwnd=66912
2026-09-29 19:03:12,126 INFO    MainThread   delivery-time text target retry: verified_field=False
2026-09-29 19:03:12,388 INFO    MainThread   dsh clipboard fallback paste: ok=True method=paste words=18
2026-09-29 19:03:12,699 INFO    MainThread   dsh fallback submit: enter=True words=18
2026-09-29 19:07:40,035 INFO    MainThread   named composer not unique (0 visible); trying focused field
2026-09-29 19:07:40,120 INFO    MainThread   named composer not unique (0 visible); trying focused field
2026-09-29 19:07:40,204 INFO    MainThread   named composer not unique (0 visible); trying focused field
2026-09-29 19:07:40,289 INFO    MainThread   named composer not unique (0 visible); trying focused field
2026-09-29 19:07:40,365 WARNING MainThread   No verifiable text field found for hwnd=66912
2026-09-29 19:07:40,365 INFO    MainThread   captured text target: window="Mum's Land Folder Setup — DeepSeek Harness - Neo" field=None verified_field=False
2026-09-29 19:07:47,866 INFO    Thread-38 (_transcribe) transcribe worker started: 7.0s clip, engine=whisper
2026-09-29 19:07:47,868 INFO    Thread-38 (_transcribe) whisper transcribe start: 7.0s of audio
2026-09-29 19:07:49,191 INFO    Thread-38 (_transcribe) whisper transcribe done in 1.3s
2026-09-29 19:07:49,257 INFO    MainThread   named composer not unique (0 visible); trying focused field
2026-09-29 19:07:49,339 INFO    MainThread   named composer not unique (0 visible); trying focused field
2026-09-29 19:07:49,422 INFO    MainThread   named composer not unique (0 visible); trying focused field
2026-09-29 19:07:49,505 INFO    MainThread   named composer not unique (0 visible); trying focused field
2026-09-29 19:07:49,581 WARNING MainThread   No verifiable text field found for hwnd=66912
2026-09-29 19:07:49,581 INFO    MainThread   delivery-time text target retry: verified_field=False
2026-09-29 19:07:49,843 INFO    MainThread   dsh clipboard fallback paste: ok=True method=paste words=10
2026-09-29 19:07:50,154 INFO    MainThread   dsh fallback submit: enter=True words=10
2026-09-29 19:08:26,798 INFO    MainThread   named composer not unique (0 visible); trying focused field
2026-09-29 19:08:26,881 INFO    MainThread   named composer not unique (0 visible); trying focused field
2026-09-29 19:08:26,967 INFO    MainThread   named composer not unique (0 visible); trying focused field
2026-09-29 19:08:27,052 INFO    MainThread   named composer not unique (0 visible); trying focused field
2026-09-29 19:08:27,128 WARNING MainThread   No verifiable text field found for hwnd=66912
2026-09-29 19:08:27,128 INFO    MainThread   captured text target: window="Mum's Land Folder Setup — DeepSeek Harness - Neo" field=None verified_field=False
2026-09-29 19:08:27,982 INFO    Thread-39 (_transcribe) transcribe worker started: 0.4s clip, engine=whisper
2026-09-29 19:08:27,986 INFO    Thread-39 (_transcribe) whisper transcribe start: 0.4s of audio
2026-09-29 19:08:28,697 INFO    Thread-39 (_transcribe) whisper transcribe done in 0.7s
2026-09-29 19:08:29,701 INFO    MainThread   named composer not unique (0 visible); trying focused field
2026-09-29 19:08:29,785 INFO    MainThread   named composer not unique (0 visible); trying focused field
2026-09-29 19:08:29,869 INFO    MainThread   named composer not unique (0 visible); trying focused field
2026-09-29 19:08:29,953 INFO    MainThread   named composer not unique (0 visible); trying focused field
2026-09-29 19:08:30,030 WARNING MainThread   No verifiable text field found for hwnd=66912
2026-09-29 19:08:30,030 INFO    MainThread   captured text target: window="Mum's Land Folder Setup — DeepSeek Harness - Neo" field=None verified_field=False
2026-09-29 19:08:35,077 INFO    Thread-40 (_transcribe) transcribe worker started: 4.6s clip, engine=whisper
2026-09-29 19:08:35,079 INFO    Thread-40 (_transcribe) whisper transcribe start: 4.6s of audio
2026-09-29 19:08:36,385 INFO    Thread-40 (_transcribe) whisper transcribe done in 1.3s
2026-09-29 19:08:36,486 INFO    MainThread   named composer not unique (0 visible); trying focused field
2026-09-29 19:08:36,568 INFO    MainThread   named composer not unique (0 visible); trying focused field
2026-09-29 19:08:36,650 INFO    MainThread   named composer not unique (0 visible); trying focused field
2026-09-29 19:08:36,734 INFO    MainThread   named composer not unique (0 visible); trying focused field
2026-09-29 19:08:36,810 WARNING MainThread   No verifiable text field found for hwnd=66912
2026-09-29 19:08:36,810 INFO    MainThread   delivery-time text target retry: verified_field=False
2026-09-29 19:08:37,072 INFO    MainThread   dsh clipboard fallback paste: ok=True method=paste words=11
2026-09-29 19:08:37,384 INFO    MainThread   dsh fallback submit: enter=True words=11
2026-09-29 19:09:35,817 INFO    MainThread   named composer not unique (0 visible); trying focused field
2026-09-29 19:09:35,899 INFO    MainThread   named composer not unique (0 visible); trying focused field
2026-09-29 19:09:35,983 INFO    MainThread   named composer not unique (0 visible); trying focused field
2026-09-29 19:09:36,065 INFO    MainThread   named composer not unique (0 visible); trying focused field
2026-09-29 19:09:36,141 WARNING MainThread   No verifiable text field found for hwnd=66912
2026-09-29 19:09:36,141 INFO    MainThread   captured text target: window="Mum's Land Folder Setup — DeepSeek Harness - Neo" field=None verified_field=False
2026-09-29 19:09:51,685 INFO    Thread-41 (_transcribe) transcribe worker started: 15.0s clip, engine=whisper
2026-09-29 19:09:51,687 INFO    Thread-41 (_transcribe) whisper transcribe start: 15.0s of audio
2026-09-29 19:09:53,018 INFO    Thread-41 (_transcribe) whisper transcribe done in 1.3s
2026-09-29 19:09:53,088 INFO    MainThread   named composer not unique (0 visible); trying focused field
2026-09-29 19:09:53,171 INFO    MainThread   named composer not unique (0 visible); trying focused field
2026-09-29 19:09:53,253 INFO    MainThread   named composer not unique (0 visible); trying focused field
2026-09-29 19:09:53,336 INFO    MainThread   named composer not unique (0 visible); trying focused field
2026-09-29 19:09:53,412 WARNING MainThread   No verifiable text field found for hwnd=66912
2026-09-29 19:09:53,412 INFO    MainThread   delivery-time text target retry: verified_field=False
2026-09-29 19:09:53,674 INFO    MainThread   dsh clipboard fallback paste: ok=True method=paste words=22
2026-09-29 19:09:53,986 INFO    MainThread   dsh fallback submit: enter=True words=22
